mix_id,sir_level_db,overlap_ratio,target_transcript,pred_transcript,wer,cer,leakage_rate
mix_librispeech_06514,5,0.4,are you certain that this is the mediterranean,are you certain that this is the mediterranean,0.0,0.0,0.0
mix_librispeech_04662,0,0.4,0 what a record to read what a picture to gaze upon how awful the fact,0 what a record to re bear and what a picture is against upon how awful the fact,0.3125,0.2,0.16666666666666666
mix_librispeech_04021,0,1.0,the hope and dream of harvest was upon the land,when you are about the name of the car the car is in the quiet,1.3,0.7446808510638298,0.2
mix_librispeech_01854,5,0.2,chapter 7 on the races of man,chapter 7 on the races of man,0.0,0.0,0.0
mix_librispeech_11776,5,0.1,each will therefore serve about equally well during the earlier stages of social growth,each will therefore serve about equally well during the earlier stages of social growth,0.0,0.0,0.0
mix_librispeech_02872,5,0.2,this differentiation is furthered by the inheritance of wealth and the consequent inheritance of gentility,this differentiation is furthered by the inheritance of wealth and the consequent inheritance of gentilities,0.06666666666666667,0.02830188679245283,0.0
mix_librispeech_03030,5,0.3,he darted like an arrow through all the halls down all the stairs and across the yard,he darted like an arrow through all the halls down all the stairs and across the yard,0.0,0.0,0.0
mix_librispeech_09397,5,0.1,the university,the university,0.0,0.0,0.0
mix_librispeech_01645,5,0.2,he had a good appetite could tell a good story without laughing was celebrated for his witty repartees and his sociable manners but he spent his life at home seldom going out and seeing hardly anyone because he always had a pipe in his mouth and was surrounded by at least 20 cats with which he would amuse himself all day,he had a good appetite could tell a good story without laughing was celebrated for his witty repartais and his sociable manners but he spent his life at home seldom going out and seeing hardly anyone because he always had a pipe in his mouth and was surrounded by at least 20 cats with which he would amuse himself all day,0.01639344262295082,0.006211180124223602,0.0
mix_librispeech_03417,0,0.1,mister jago is an american philip,this gioca was an american philip,0.5,0.3333333333333333,0.0
mix_librispeech_03476,5,0.2,so i lived and now am your tooth thrall well it is the luck of war,so i lived and now i am your tooth thrall well it is the luck of war,0.0625,0.030303030303030304,0.0
mix_librispeech_11945,0,1.0,the count shook his head,but count,0.8,0.75,0.0
mix_librispeech_11053,0,1.0,through the black night rain he sang to her window bars,through the bill and not in the name of the media he sang to the furned great beep,1.1818181818181819,0.7636363636363637,0.15384615384615385
mix_librispeech_01792,5,0.1,in this monotonous life of mine that was a pleasant event,in this monotonous life of mine that was a pleasant event,0.0,0.0,0.0
mix_librispeech_03797,0,1.0,conseil was my manservant,costs and what is my next request,1.5,0.8,0.05555555555555555
mix_librispeech_03368,5,1.0,now let us dust the furniture and pictures,now let us just the furniture and picture,0.25,0.047619047619047616,0.0
mix_librispeech_07196,0,1.0,i like you still rachel i am sure i will always like you,i do not like it i am sure i am sure i am sure i am sure i am sure i am sure i am sure i am sure i am sure i am sure i am sure i am sure i am sure i am sure i am sure i am sure i am sure i am sure i am sure i am sure i am sure i am sure i am sure i am sure i am sure i am sure i am sure i am sure i am sure i am sure i am sure i am sure i am sure i am sure i am sure i am sure i am sure i am sure i am sure i am sure i am sure i am sure i am sure i am sure i am sure i am sure i am sure i am sure i am sure i am sure i am sure i am sure i am sure i am sure i am sure i am sure i am sure i am sure i am sure i am sure i am sure i am sure i am sure i am sure i am sure i am sure i am sure i am sure i am sure i am sure i am sure i am sure i am sure i am sure i am sure i am sure i am sure i am sure i am sure i am sure i am sure i am sure i am sure i am sure i am sure i am sure i am sure i am sure i am sure i am sure i am sure i am sure i am sure i am sure i am sure i am sure i am sure i am sure i am sure i am sure i am sure i am sure i am sure i am sure i am sure i am sure i am sure i am sure i am sure i am,25.23076923076923,19.160714285714285,0.0
mix_librispeech_12054,0,0.4,proscribed by the civil and ecclesiastical powers of the empire the donatists still maintained in some provinces particularly in numidia their superior numbers and 400 bishops acknowledged the jurisdiction of their primate,prescribed by the civil and ecclesiastical powers of the empire the donut the head of the real maintained in some provinces particularly in the media the raised here in their numbers and 400 bishops acknowledged the jurisdiction of their primate,0.4375,0.18018018018018017,0.08
mix_librispeech_05109,0,0.3,his death in this conjuncture was a public misfortune,the death in this conjuncture was a public mis fortune,0.3333333333333333,0.07547169811320754,0.125
mix_librispeech_06024,0,0.5,no thanks i am glad to give you such easy happiness,no thanks i am glad to give you such easy happiness,0.0,0.0,0.0
mix_librispeech_08795,0,0.3,the utility of consumption as an evidence of wealth is to be classed as a derivative growth,the utility of consumption as an evidence of wealth is to be passed as a derived growth,0.11764705882352941,0.07692307692307693,0.0
mix_librispeech_11248,0,0.2,uncas who had already approached the door in readiness to lead the way now recoiled and placed himself once more in the bottom of the lodge,onicus who had already approached the door and readiness to lead the way now recoiled and placed himself once more in the bottom of the law,0.11538461538461539,0.06474820143884892,0.0
mix_librispeech_11609,5,0.4,relocated footnote governor robinson being on his way east the steamboat on which he was traveling stopped at lexington missouri,relocated but not governor robin has been hitting on his way east the steamboat on which he was traveling stopped at lexington missouri,0.3,0.125,0.0
mix_librispeech_00126,5,0.1,envy hatred malice and uncharitableness are never so essentially detestable to my mind as when they are animated by a sense of propriety and work under the surface but for my interest in naomi and my other interest in the little love looks which i now and then surprised passing between her and ambrose i should never have sat through that supper,in the hatred malice and unchertalness are never so essentially detestable to my mind as when they are animated by the sense of propriety and work onto the surface but for my interest in naomi and my other interest in the little love looks which i now and then surprised passing between her and ambrose i should never quite understand that,0.14516129032258066,0.10982658959537572,0.0
mix_librispeech_05959,5,0.1,from rubbing shoulders with scientists in our little universe by the botanical gardens the boy had come to know a thing or 2,from rubbing shoulders with scientists in our little universe by the botanical gardens the boy had come to know a thing or 2,0.0,0.0,0.0
mix_librispeech_03876,5,0.5,here she would stay comforted and soothed among the lovely plants and rich exotics rejoicing the heart of old turner the gardener who since polly is 1st rapturous entrance had taken her into his good graces for all time,here she would stay comforted and soothing among the lovely cats and rich exotics rejoicing the heart of old turner the gardener who since paul is 1st rapturous entrance had taken her into his good reasons for all time,0.10256410256410256,0.0639269406392694,0.0
mix_librispeech_11127,5,0.2,do you think so she replied with indifference,do you think so she replied within difference,0.25,0.044444444444444446,0.0
mix_librispeech_04451,5,1.0,i was hoping that if the paper on which he wrote was thin some trace of it might come through upon this polished surface no i see nothing,i was hoping that if the paper on which he wrote was dense i am tracing it might come through on this published surface no i see nothing,0.21428571428571427,0.12408759124087591,0.125
mix_librispeech_07147,5,1.0,and yet what a fine gallant lad,and yeah what are the signs of the land,1.0,0.5806451612903226,0.024390243902439025
mix_librispeech_03531,5,1.0,bartley started when hilda rang the little bell beside her dear me why did you do that,probably started when he will be wrangled a little bell beside her dear me what did you do that,0.4117647058823529,0.2441860465116279,0.0
mix_librispeech_10922,0,1.0,the cloud then shewd his golden head and his bright form emerg would,the cloud is in the shore she is killed and responded in this bright for long,1.0,0.6029411764705882,0.25
mix_librispeech_00827,0,0.2,it engenders a whole world la pegre for which read theft and a hell la pegrenne for which read hunger,it in jembers a whole world is started la pagre for which red theft and the l la pagre for which red hunger,0.5,0.25742574257425743,0.1875
mix_librispeech_09831,0,1.0,it may be that a great colorist will use his utmost force of color as a singer his full power of voice but loud or low the virtue is in both cases always in refinement never in loudness,it may be that a great color was 9 we must have used up most force of color as a singer his full power of voice double 9 but loud or low i want virtue of his entire case is all of the final never in loudness,0.5789473684210527,0.31891891891891894,0.4
mix_librispeech_07790,5,1.0,it seems the king will not consent to it,before we start talking i will be sent to a straight,1.0,0.775,0.07142857142857142
mix_librispeech_00984,0,0.5,ben zoof is most ambitious desire was to induce the captain to go with him and end his days in his much loved home and so incessantly were servadac is ears besieged with descriptions of the unparalleled beauties and advantages of this 18th arrondissement of paris that he could scarcely hear the name of montmartre without a conscious thrill of aversion,benzof is most ambitious digital was to induce the captain to go wish him and end his days in his much loved home and so incessantly we are servidaxe ears the sea with prescriptions the unparalleled beauties and advantages of this 18th hour undecimal of parents that he could scarcely hear the name of my mother with at a conscious thrill of a version,0.32786885245901637,0.14730878186968838,0.0
mix_librispeech_11197,0,0.5,the helpless worm arose and sat upon the lillys leaf and the bright cloud saild on to find his partner in the vale,the helpless woman right and proud upon the lily is leaf and the bright clouds sail to find his partner in the veil,0.391304347826087,0.21052631578947367,0.05263157894736842
mix_librispeech_07783,0,1.0,hilda is face quivered but she whispered yes i think it must have been,and the whole,1.0,0.8571428571428571,0.2
mix_librispeech_10380,0,0.2,he was the last to turn to christ,he was the last to turn the crisis,0.25,0.15151515151515152,0.0
mix_librispeech_11978,0,0.5,he moved uneasily and his chair creaked,he moved un easily and is care creepy,0.7142857142857143,0.23076923076923078,0.02857142857142857
mix_librispeech_02443,5,0.2,but in their selection of a constitution the britannulists have unfortunately allowed themselves but one deliberative assembly and hence have sprung their present difficulties,but in their selection of a constitution the britain ullists have unfortunately allowed themselves but one deliberate assembly and hence has sprung their present difficulties,0.16666666666666666,0.04,0.0
mix_librispeech_08554,5,0.3,the objection of course presents itself that expenditure on women is dress and household paraphernalia is an obvious exception to this rule but it will appear in the sequel that this exception is much more obvious than substantial,the objection of course presents itself that expenditure on women is dress and household paraphranealia is an obvious exception to this rule but it will appear in the sequel that this exception is met more obvious than substantial,0.05263157894736842,0.02608695652173913,0.0
mix_librispeech_10541,0,0.2,and then they became vexed and would have snatched your purse from us,and then they became vexed and would have snatched your purse from us,0.0,0.0,0.0
mix_librispeech_00345,0,0.1,choking with emotion leocadi made a sign to her parents that she wished to be alone with them,choking with emotion leo kedia made a sign to her parents that she wished to be alone with them,0.1111111111111111,0.043010752688172046,0.0
mix_librispeech_00814,5,1.0,every one could observe his agitation and prostration a prostration which was indeed the more remarkable since people were not accustomed to see him with his arms hanging listlessly by his side his head bewildered and his eyes with all their bright intelligence bedimmed,everyone could observe his agitation and frustration a frustration which was indeed the more remarkable since people were not accustomed to see him with his arms and mistletely by his side his head bewildered and his eyes with all their bright intelligence be dimmed,0.18181818181818182,0.05185185185185185,0.0
mix_librispeech_06166,5,0.4,ay and show you some pretty tricks,i will show you some pretty tricks,0.2857142857142857,0.17647058823529413,0.047619047619047616
mix_librispeech_11693,5,1.0,you speak like an educated person said beth wonderingly where is your home,you speak like an educated person said beth one recently where is your home,0.15384615384615385,0.0945945945945946,0.0
mix_librispeech_12220,0,0.5,whenever the sense of familiarity occurs without a definite object it leads us to search the environment until we are satisfied that we have found the appropriate object which leads us to the judgment this is familiar,whenever the sense of familiarity occur that is about a definite object it leads us to search the environment until we are satisfied with the double yup project object which leads us to judge this is familiar,0.32432432432432434,0.18433179723502305,0.1
mix_librispeech_05779,0,0.3,yes we are certainly i replied evasively but after we make a detour,yes we are 0 i replied a face of this but after we make the tour,0.5384615384615384,0.3880597014925373,0.05
mix_librispeech_02116,5,0.4,no good my dear watson,no good my dear watson,0.0,0.0,0.0
mix_librispeech_10026,0,0.5,at the conclusion of the banquet which was served at 50 clock the king entered his cabinet where his tailors were awaiting him for the purpose of trying on the celebrated costume representing spring which was the result of so much imagination and had cost so many efforts of thought to the designers and ornament workers of the court,at the conclusion of the banquet which was served by a lot the king entered his cabinet where his tailors were awaiting him for the purpose of trying on the celebrated costume representing spring which was the result of so much imagination and the cost so many efforts of thought to the designers and ornament workers of the court,0.06779661016949153,0.03003003003003003,0.0
mix_librispeech_00793,0,0.4,holmes held out a small chip with the letters n n and a space of clear wood after them you see,homes how to small chip with the letters and the space of clear wood after them,0.42857142857142855,0.24468085106382978,0.0
mix_librispeech_12428,0,0.4,i am stiff with long sitting he said i itch for a fight i turned to the farmer,i am still with long sitting he said i hitch for a fight i turn with the farmer,0.2222222222222222,0.08974358974358974,0.0
mix_librispeech_06898,0,0.3,i come now to the other characteristic which memory images must have in order to account for our knowledge of the past,i come now to the other character as he lived in which memory images must have or swim to account for our knowledge of the past,0.3181818181818182,0.1694915254237288,0.07692307692307693
mix_librispeech_02674,5,0.5,there is no class and no country that has yielded so abjectly before the pressure of physical want as to deny themselves all gratification of this higher or spiritual need,there is no class and no printed that has yielded so objectively before the pressure of physical want as to deny themselves all gratification of this higher or spiritual need,0.06666666666666667,0.05263157894736842,0.0
mix_librispeech_00094,0,0.2,of mark wylder i say this his name has been for years hateful to me and recently it has become frightful and you will promise me simply this that you will never ask me to speak again about him,of mark wilder i say he took a roughly in his own his name has been for years hateful to me and recently it has become frightful he took a new promise me simply this that you will never ask me to speak again about him,0.3076923076923077,0.1875,0.4
mix_librispeech_04225,0,0.5,he stood still in deference to their calls and parried their banter with easy words,so she goes for the little indefference to their calls and parried their banter with miguel rush,0.6,0.3493975903614458,0.3
mix_librispeech_03756,0,0.1,i am stiff with long sitting he said i itch for a fight i turned to the farmer,i am stiff with long sitting he said i edge for a fight i turned to the farmer,0.05555555555555555,0.05128205128205128,0.0
mix_librispeech_02891,5,0.4,your letter has given me great pleasure and i should not forgive myself if i did not tell you so,your letter has given me great pleasure and i should not forgive myself if i did not tell you so,0.0,0.0,0.0
mix_librispeech_02371,0,0.4,for a full hour he had paced up and down waiting but he could wait no longer,for a full hour he paced up and down waiting but he could wait no longer,0.058823529411764705,0.05263157894736842,0.0
mix_librispeech_11728,0,0.2,alexander did not sit down,alexander did not sit down,0.0,0.0,0.0
mix_librispeech_03228,5,1.0,how long would it take him to do that using every possible contraction a quarter of an hour not less,how long would it take him to do that using every possible contraction in a quarter of an hour or less,0.1,0.05,0.0
mix_librispeech_07863,5,0.1,he soon foresaw that still greater economy would be necessary for commercial success not alone for the larger territory opening but for the compact districts of large cities,he soon foresaw that still greater economy would be necessary for commercial success not alone for the larger territory opening but for the compact district of large cities,0.03571428571428571,0.005780346820809248,0.0
mix_librispeech_06359,0,0.2,it is unintelligible in the dark,it is unintelligible in the dark,0.0,0.0,0.0
mix_librispeech_11488,5,0.5,i never knew of but one man who could ever please him,i never knew of but one fan you could ever please him,0.16666666666666666,0.07547169811320754,0.14285714285714285
mix_librispeech_07326,5,0.5,ay me,i mean,1.0,0.8,0.0
mix_librispeech_06028,0,0.3,there is no logical impossibility in the hypothesis that the world sprang into being 5 minutes ago exactly as it then was with a population that remembered a wholly unreal past,then i know that logical impossibility and the hypothesis that the world is springing to be in 5 minutes of the night exactly as it then was with the population that remembered a very unusual and real past,0.5806451612903226,0.2840909090909091,0.16666666666666666
mix_librispeech_11045,5,1.0,but pearl who was a dauntless child after frowning stamping her foot and shaking her little hand with a variety of threatening gestures suddenly made a rush at the knot of her enemies and put them all to flight,but for all who was a do not wrest child after frowning stamping her foot and shaking her little hand with a variety of threatening gestures suddenly made a rush at the knot of her enemies and put them all to flight,0.1282051282051282,0.05714285714285714,0.0
mix_librispeech_11104,5,1.0,know then son of my heart that this fainting lady is your real bride i say real because she is the one whom your father and i have chosen for you and the portrait was a pretense,no then he will be son of my god that this painting is your real bride i say real because she is the one who you father had chosen for you it is what i wish to put myself,0.5405405405405406,0.3220338983050847,0.18421052631578946
mix_librispeech_01865,5,0.1,not once did he comment on the length or the hardships of a journey,not once did he comment on the length or the hardship of the journey,0.14285714285714285,0.05970149253731343,0.0
mix_librispeech_04612,5,1.0,be not so foolish friend said fitzooth crossly,be not so affo lish friend said vincent was cross leaved,0.75,0.391304347826087,0.0
mix_librispeech_10049,0,0.5,i took 5 great bracelets of gold from our treasure chest and gave them to him,i took 5 great bringsers of gold from our treasure chest and gave them to them,0.125,0.09090909090909091,0.0
mix_librispeech_02645,5,0.5,yes so they said but that would i think have been worse,yes so they said that you would i think have you watched,0.3333333333333333,0.2909090909090909,0.09090909090909091
mix_librispeech_02243,5,0.3,mister edison was a leader far ahead of the time,mister edison was a leader far ahead of the time,0.0,0.0,0.0
mix_librispeech_05373,0,1.0,my men laughed yes a stingy host,by now,1.0,0.875,0.0
mix_librispeech_02336,0,0.1,how brown you have got since you came home i wish i had an athlete to mow my orchard,how brown you have got since you came home i wish i had an athlete to mow my orchard,0.0,0.0,0.0
mix_librispeech_00950,5,0.5,how strange it seemed to the sad woman as she watched the growth and the beauty that became every day more brilliant and the intelligence that threw its quivering sunshine over the tiny features of this child,how strange it is the out to the sad woman as she watched the growth and the beauty that became every day more brilliant and the intelligence that threw its quivering sunshine over the tiny features of this child,0.08108108108108109,0.038461538461538464,0.0
mix_librispeech_11260,5,0.2,so it seems to me,so it seems to me,0.0,0.0,0.0
mix_librispeech_01120,0,0.4,it was a pain to see them and a sword like pain to see the signs of adolescence that made repellent their pitiable nakedness,it was a pain to see them and a sword like pain to see the signs of adolescents that made repellent their pit yabal nakedness,0.125,0.04838709677419355,0.0
mix_librispeech_10789,0,1.0,said she pointing to the playthings see,said yeah pointing for happily a frightened her see,0.8571428571428571,0.6410256410256411,0.2222222222222222
mix_librispeech_02204,5,0.2,very much of squalor and discomfort will be endured before the last trinket or the last pretense of pecuniary decency is put away,very much of squall around discomfort will be endured before the last intense of pecuniary decencies put away,0.391304347826087,0.2248062015503876,0.0
mix_librispeech_00419,5,0.4,steam up and canvas spread the schooner started eastwards,steam up and canvas spread the scooner started evening,0.2222222222222222,0.15789473684210525,0.0
mix_librispeech_00922,0,1.0,it is by no means always reliable almost everybody has at some time experienced the well known illusion that all that is happening now happened before at some time,it is by no means always reliable almost everybody has at some time experienced the well known illusion that all that is happening now happened before at some time,0.0,0.0,0.0
mix_librispeech_09446,0,0.5,what is the meaning of this thought the tree,what is the talent of this,0.4444444444444444,0.5,0.0
mix_librispeech_08669,5,1.0,to day i shouted,today i shall,0.75,0.375,0.0
mix_librispeech_10227,5,0.4,for a person to possess knowledge is not enough,for a person to possess knowledge is not enough,0.0,0.0,0.0
mix_librispeech_05408,5,0.5,then they started on again and 2 hours later came in sight of the house of doctor pipt,then they started on the end it is run through hours later came outside of the house of donner griff,0.5555555555555556,0.4069767441860465,0.041666666666666664
mix_librispeech_05788,5,0.2,we want to know mister gilchrist how you an honorable man ever came to commit such an action as that of yesterday,we want to know mister gilchrist how you and honorable man ever came with emmys such an action as that of yesterday,0.13636363636363635,0.07079646017699115,0.0
mix_librispeech_05742,0,0.1,there cannot be a doubt he received you kindly for in fact you returned without his permission,there cannot be a doubt he received you kindly for in fact you returned without his permission,0.0,0.0,0.0
mix_librispeech_07667,0,0.4,the revelation of his love lighted and brightened slowly till it flamed like a sunrise over him and left him in burning wonder,the revelation of his love hiding brightened slowly to let things to touch us sunrise over him and left him in burn on wonder,0.43478260869565216,0.24603174603174602,0.07692307692307693
mix_librispeech_05567,0,0.1,no sir certainly not,no sir certainly not,0.0,0.0,0.0
mix_librispeech_08135,0,0.1,the world brands this a pernicious doctrine,the world brands this a pernicious doctrine,0.0,0.0,0.0
mix_librispeech_01202,5,0.2,doubts now arose and some discussion followed whether or not it was desirable for ben zoof to accompany his master,doubts now arose and some discussion followed whether or not it was desirable for ben zuf to accompany his master,0.05,0.017543859649122806,0.0
mix_librispeech_10818,0,1.0,you are acute,you be hard,0.6666666666666666,0.5384615384615384,0.0
mix_librispeech_05765,0,1.0,at last he came out of them and wiped his face vigorously,that is the amount of that i like the best,0.9166666666666666,0.5964912280701754,0.125
mix_librispeech_08389,5,0.4,will you forgive me now,will you forgive me now,0.0,0.0,0.0
mix_librispeech_01970,0,0.3,and in this last action he falls into the classic sin of pride,and in this last action he falls into the truest extent of pride,0.15384615384615385,0.1774193548387097,0.0
mix_librispeech_11302,0,0.2,the wood flamed up splendidly under the large brewing copper and it sighed so deeply,the wood flamed up splendidly under the large brooch of her and its side so deeply,0.3333333333333333,0.15476190476190477,0.10526315789473684
mix_librispeech_04018,0,0.2,and meantime i know the greatness of jehovah i acknowledge the perfection of his word i adore the purity of the christian faith my theory is right my practice horribly wrong,and meantime i know the great nation to hold the i acknowledge the perfection of his work i adore the purity of the christian faith my theory is right my practice horribly wrong,0.1935483870967742,0.08670520231213873,0.0
mix_librispeech_10343,5,0.4,i sit beneath thy looks as children do in the noon sun with souls that tremble through their happy eyelids from an unaverred yet prodigal inward joy,i see that any thy looks as children do in the noon sun with souls that tremble through their happy eyelids from an un avert yet prodigal in the joy,0.25925925925925924,0.11486486486486487,0.0
mix_librispeech_03687,0,0.5,very much of squalor and discomfort will be endured before the last trinket or the last pretense of pecuniary decency is put away,very much of squall around the ground that will be interviewed before the last drink it was the likes of the parents of the junior adc and sees put away,0.782608695652174,0.46511627906976744,0.06666666666666667
mix_librispeech_01997,5,0.3,i shudder as i recall these monsters to my remembrance,i shatter as i recall these monsters to my remembrance,0.1,0.05555555555555555,0.0
mix_librispeech_04033,5,0.4,never mind now interposed the captain we will talk of that by and by,never mind now interpose the captain we will talk of that brian bye,0.2857142857142857,0.07352941176470588,0.0
mix_librispeech_11246,5,0.5,forthwith all ran to the opening of the tent to see what might be amiss but master will who peeped out 1st needed no more than one glance,4th with all rants to the opening of the turn to see what might be a miss but master will who peed out 1st he did not know more than one glance,0.39285714285714285,0.15328467153284672,0.045454545454545456
mix_librispeech_01248,0,0.1,all the territorial dignitaries were present governor shannon presided john calhoun the surveyor general made the principal speech a denunciation of the abolitionists supporting the topeka movement chief justice lecompte dignified the occasion with approving remarks,all the territorial dignitaries were present governor shannon presided john kahun the surveyor general made the principal speech a denunciation of the abolitionist supporting the tipeek movement chief justice lacanf dignified the occasion with approving remarks,0.1111111111111111,0.04887218045112782,0.0
mix_librispeech_02192,0,0.3,this is the explanation of the shallows which are found in that part of the atlantic ocean,this is the explanation of the shadows which i found in that part of the atlantic ocean,0.11764705882352941,0.05555555555555555,0.0
mix_librispeech_02712,5,0.3,whatever lord chelford said miss brandon received it very graciously and even with a momentary smile,whatever lord chelford said miss brandon received it very graciously and even with a momentary smile,0.0,0.0,0.0
mix_librispeech_09184,0,0.1,on huge silver platters were pyramids of tarts and cakes and red wine sparkled in glittering decanters,on huge silver platters were pyramids of tarts and cakes and red wine sparkled in glittering decanters,0.0,0.0,0.0
mix_librispeech_02190,5,0.3,he was soft hearted and impetuous said beth and being in love he did not stop to count the cost,he was softhearted and impatuous said beth and being in love he did not stop to count the cars,0.2,0.05263157894736842,0.0
mix_librispeech_04670,0,0.3,they snuffed about the fir tree and rustled among the branches,they snuffed about the fir tree and rustled among branches,0.09090909090909091,0.06451612903225806,0.0
mix_librispeech_05142,5,1.0,i am afraid i do not know much about the land of oz,i am afraid i just feel much better than the others,0.6153846153846154,0.49019607843137253,0.0
mix_librispeech_05984,5,0.5,the strange woman and her passionate sentence that rang out so sharply had frightened them both,the strange woman and her passionate sentence that rang out so sharply had frightened them both,0.0,0.0,0.0
mix_librispeech_06565,5,0.4,they are all sketches made about the villa d este you see,they are all sketches made about the villain,0.4166666666666667,0.2631578947368421,0.0
mix_librispeech_07804,5,0.5,miss woodley was too little versed in the subject to know this would have been not to love at all at least not to the extent of breaking through engagements and all the various obstacles that still militated against their union,miss woodley was too little girth in the subject to know this would have been not to love at all at least not to the extent of breaking through engagements and all the various obstacles that still meditated across their union,0.07317073170731707,0.05286343612334802,0.0
mix_librispeech_06943,5,0.2,is it better than anywhere else,is it better than anywhere else,0.0,0.0,0.0
mix_librispeech_09510,5,0.4,one day when the boy was sent by his grandfather with a message to a relation he passed along a street in which there was a great concourse of horsemen,one day when the boy was sent by his grandson to the message to a relation he passed along a street in which there was a great con pours of horsemen,0.16666666666666666,0.08609271523178808,0.0
mix_librispeech_10055,0,0.4,bragelonne watched for some time the conduct of the 2 lovers listened to the loud and uncivil slumbers of manicamp who snored as imperiously as though he was wearing his blue and gold instead of his violet suit,brell along for a 2nd time the conduct of the 2 lovers listen to the loud and unsubless slumber of manicamp who snored as empirously as though he was wearing his blue gold instead of his violet suit,0.23684210526315788,0.1619047619047619,0.0625
mix_librispeech_10535,0,0.2,i know no such place said the tree,i know no such place,0.375,0.4117647058823529,0.0
mix_librispeech_10641,0,0.2,the king seemed only pleased with every one present,the king seemed only pleased with everyone present,0.2222222222222222,0.0196078431372549,0.0
mix_librispeech_02136,5,0.2,what is slang,what is slang,0.0,0.0,0.0
mix_librispeech_01065,0,0.2,no good my dear watson,no good my dear watson,0.0,0.0,0.0
mix_librispeech_00600,0,0.3,there was no man sir,there was no man sir,0.0,0.0,0.0
mix_librispeech_04227,0,0.4,henry lord with the degree of ph d to his credit had been professor of zoology at a new england college but had resigned his post in order to write a series of scientific text books,and one more the one that he asked to his credit had been professor of zoology at a new england college but had resigned his post in order to run his political public tax books,0.3611111111111111,0.26519337016574585,0.05555555555555555
mix_librispeech_10813,5,1.0,the princess sat down under a blue canopy with bouquets of roses and she let anders sit in a golden chair by her side,the princess sat down under the blue canvas with bouquet is erosive and she let anders sit in a golden chair by her side,0.20833333333333334,0.1111111111111111,0.0
mix_librispeech_07577,5,0.4,the former boolooroo groaned,to form our boulevard blue and blue,1.75,0.7857142857142857,0.030303030303030304
mix_librispeech_00077,0,0.3,how strange it seemed to the sad woman as she watched the growth and the beauty that became every day more brilliant and the intelligence that threw its quivering sunshine over the tiny features of this child,how strange it seemed to the sad moment of shiwach the growth and the beauty that became every day more brilliant and the intelligence that threw its quivering sunshine on the tiny features of this child,0.13513513513513514,0.0625,0.0
mix_librispeech_07546,5,0.5,come come returned hawkeye uncasing his honest countenance the better to assure the wavering confidence of his companion you may see a skin which if it be not as white as one of the gentle ones has no tinge of red to it that the winds of the heaven and the sun have not bestowed now let us to business,come come return haka and casing his honest countenance the better to assure the wavering confidence of his companion you may see a skin which if it be not as white as one of the gentle ones has no tinge of red to it that the winds of the heaven and the sun have not bestowed now let us to business,0.06666666666666667,0.029900332225913623,0.0
mix_librispeech_02898,5,0.4,her face was an enigma for it inspired everyone with the warmest sympathy and yet if you examined it attentively there was not one beautiful feature she could not be called handsome but no one could have thought her ugly,her face was an enigma for it inspired everyone with the warmest serpently and yet if you examined it attentively there was not one beautiful feature she could not be called handsome but no one could have thought her ugly,0.025,0.022727272727272728,0.0
mix_librispeech_04820,5,0.5,i take this as my answer and i leave the professor to bite his lips with impatience,i take this as my answer and i leave the professor to buy his lips with impatience,0.058823529411764705,0.03614457831325301,0.0
mix_librispeech_09506,5,0.1,they approached the door which was of an arched form and flanked on each side by a narrow tower or projection of the edifice in both of which were lattice windows the wooden shutters to close over them at need,they approached the door which was of an arched form and flanked on each side by a narrow tower or projection of the edifice in both of which were lattice windows the wooden shutters to close over them at need,0.0,0.0,0.0
mix_librispeech_11621,0,0.5,he clasped his hands on the desk and said,he clasped his hands on the desk and said,0.0,0.0,0.0
mix_librispeech_06413,0,0.3,keep away if you wish when have i ever followed you,keep away if you wish when have i ever followed here,0.09090909090909091,0.0784313725490196,0.0
mix_librispeech_09444,0,0.5,always irritable cold indifferent he had grown rapidly more so as years went on,always here at a cold in different he had grown rapidly more so as he was went on,0.5,0.1518987341772152,0.0
mix_librispeech_09064,5,0.1,alexander leaned forward and warmed his hands before the blaze,alexander leaned forward and warmed his hands before the blaze,0.0,0.0,0.0
mix_librispeech_08007,0,0.5,0 my lord cried miss woodley with a most forcible accent you are the last person on earth she would pardon me for entrusting,i am not going to be a new one i am going to be a new one i am going to be a new one i am going to be a new one i am going to be a new one i am going to be a new one i am going to be a new one i am going to be a new one i am going to be a new one i am going to be a new one i am going to be a new one i am going to be a new one i am going to be a new one i am going to be a new one i am going to be a new one i am going to be a new one i am going to be a new one i am going to be a new one i am going to be a new one i am going to be a new one i am going to be a new one i am going to be a new one i am going to be a new one i am going to be a new one i am going to be a new one i am going to be a new one i am going to be a new one i am going to be a new one i am going to be a new one i am going to be a new one i am going to be a new one i am going to be a new one i am going to be a new one i am going to be a new one i am going to be a new one i am going to be a new one i am going to be a new one i am going to be a new one i am going to be a new one i am going to be a new one i am going to be a new one i am going to be a new one i am going to be a new one i am going to be a new one i am going to be a new one i am going to be a new one i am going to be a new one i am going to be a new one i am going to be a new one i am,16.416666666666668,10.096774193548388,0.05714285714285714
mix_librispeech_05468,5,0.5,i entered and i took you into my confidence as to the suggestions of the side table,i entered and i took you into my confidence as to the suggestions of the side table,0.0,0.0,0.0
mix_librispeech_05951,0,0.5,no i forgot all about the brains exclaimed the woman,no i forgot about the brain it is a great thing,0.7,0.4230769230769231,0.0
mix_librispeech_11157,5,0.1,some of the penal regulations were copied from the edicts of diocletian and this method of conversion was applauded by the same bishops who had felt the hand of oppression and pleaded for the rights of humanity,some of the penal regulations were copied from the edicts of diocletian and this method of conversion was applauded by the same bishops who had felt the hand of oppression and pleaded for the rights of humanity,0.0,0.0,0.0
mix_librispeech_03391,5,0.2,thel is like a watry bow and like a parting cloud like a reflection in a glass like shadows in the water like dreams of infants like a smile upon an infants face,thel is like a watery bow and like a parting clown like a reflection in a glass like shadows in the water like dreams of an against like a smile upon an infant is face,0.18181818181818182,0.07453416149068323,0.0
mix_librispeech_05415,5,1.0,you are positive then,you are positive,0.25,0.23809523809523808,0.0
mix_librispeech_02560,5,0.2,it is by no means always reliable almost everybody has at some time experienced the well known illusion that all that is happening now happened before at some time,it is by no means always reliable almost everybody has it sometimes experienced the well known illusion that all that is happening now happened before at some point,0.13793103448275862,0.04294478527607362,0.0
mix_librispeech_12362,0,1.0,but the affair was magnified as a crowning proof that the free state men were insurrectionists and outlaws,but the affair was magnified as a front group set the free state men were insurrectionists and al ros,0.2777777777777778,0.16037735849056603,0.0
mix_librispeech_08162,0,0.5,thought kills me that i am not thought to leap large lengths of miles when thou art gone but that so much of earth and water wrought i must attend time is leisure with my moan receiving nought by elements so slow but heavy tears badges of either is woe,thought kills me that i am not thought the ganna can feel too late because there is a thing for the vanish behind the door but that is so much of earth and water rot i must attend ganna can feel the time to catch the wizard the ganna can feel the time to catch the wizard the ganna can feel the time to catch the wizard the ganna can feel the time to catch the wizard the ganna can feel the time to catch the wizard the ganna can feel the time to catch the wizard the ganna can feel the time to catch the wizard the ganna can feel the time to catch the wizard the ganna can feel the time to catch the wizard the ganna can feel the time to catch the wizard the ganna can feel the time to catch the wizard the ganna can feel the time to catch the wizard the ganna can feel the time to catch the wizard the ganna can feel the time to catch the wizard the ganna can feel the wizard the ganna can feel the wizard the ganna can feel the time to catch the wizard the ganna can feel the wizard the ganna can feel the wizard the ganna can feel the wizard the ganna can feel the wizard the ganna can feel the wizard the ganna can feel the wizard the ganna can feel the wizard the ganna can feel the wizard the ganna can feel the wizard the ganna can feel the wizard the ganna can feel the wizard the ganna can feel the wizard the ganna can feel the wizard the ganna can feel the wizard the ganna can feel the wizard the ganna can feel the wizard the ganna can feel the wizard the ganna can feel the wizard the ganna can feel the wizard the ganna can feel the wizard the ganna can feel the wizard the ganna can feel the wizard the ganna can feel the wizard the ganna can feel the wizard the ganna can feel the wizard the ganna can feel the,6.68,6.027777777777778,0.26666666666666666
mix_librispeech_02635,0,0.1,open thy heart wide and fold within the wet wings of thy dove,open my heart wide and fold within the wet wings of thy dove,0.07692307692307693,0.03278688524590164,0.0
mix_librispeech_05256,0,0.4,let us run then said all 3 and gracefully lifting up the long skirts of their silk dresses they lightly ran across the open space between the lake and the thickest covert of the park,let us run then set all 3 and gracefully lifting up the long skirts of their silver dress they lightly ran across the open space between the lake and the thus covered up the park,0.17142857142857143,0.09340659340659341,0.0
mix_librispeech_03530,0,1.0,far from it sire your majesty having given no directions about it the musicians have retained it,the more from its side your message to heaven is given no directions about it the musicians are retained,0.5882352941176471,0.2604166666666667,0.03125
mix_librispeech_08567,5,0.4,they are cousins you know we are all cousins,they are cousins you know we are all cousins,0.0,0.0,0.0
mix_librispeech_01908,5,0.2,and yet you must own her behavior has warranted them has it not been in this particular incoherent and unaccountable,and yet you must own her behavior as warranted them what is is it not been in this particular incoherent and on accountable,0.3,0.08620689655172414,0.4
mix_librispeech_11569,0,0.2,do we really know the mountain well when we are not acquainted with the cavern,do we really know the mountain well when we are not acquainted with the cavern,0.0,0.0,0.0
mix_librispeech_00235,5,0.5,the cunning man is afraid that his breath will blow upon his brothers and take away their courage too continued david improving the hint he received they must stand further off,the cunning man is afraid that his breath will blow him on his brothers and take a wager courage to continue digging improving the hand and received they must stand further off,0.2903225806451613,0.125,0.09090909090909091
mix_librispeech_01604,5,0.2,it was almost the tone of hope everybody will stay,it was almost the turn of hope everybody will stay,0.1,0.06,0.0
mix_librispeech_07984,0,0.1,there is a whale a whale cried the professor,there is a whale a whale you will cry the professor,0.3333333333333333,0.25,0.0
mix_librispeech_09310,0,0.5,that is not much of a job for an athlete here i have been to town and back,that is really fun i am going to the job for an athlete here i spend a town and back,0.5555555555555556,0.44594594594594594,0.07692307692307693
mix_librispeech_03490,5,0.3,i am by no means old said the fir tree,i am by no means old said the furniture,0.2,0.13157894736842105,0.0
mix_librispeech_12313,5,0.3,owing to his insistence on low pressure direct current for use in densely populated districts as the only safe and truly universal profitable way of delivering electrical energy to the consumers edison has been frequently spoken of as an opponent of the alternating current,owing to his insistence i will divert my favor direct current for use in densely populated districts as the only safe and strictly universal profitable way of delivering electrical energy to the consumers edison has been frequently spoken of as an opponent of the alternating current,0.13636363636363635,0.08791208791208792,0.0
mix_librispeech_11150,5,0.5,and so if i had been delayed by a quarter of an hour or even less the frigate would have gone without me and i would have missed out on this unearthly extraordinary and inconceivable expedition whose true story might well meet with some skepticism,and so if i had been to lay by a quarter of an hour or even less the forget would have gone without me and i would have messed out on this on earthly extraordinary and inconceivable expedition whose true story might well make with them skepticism,0.17777777777777778,0.07692307692307693,0.0
mix_librispeech_01994,5,0.2,he made an effort to hide his condition from them all and robin felt his fingers tighten upon his arm,he made an effort to hide his condition from them all and rob and fight his fingers tight and upon his arm,0.25,0.0891089108910891,0.0
mix_librispeech_02824,5,0.2,olive had painted the motto on a long narrow panel of canvas and giving it to mister popham stood by the fireside while he deftly fitted it into the place prepared for it,all have had painted the motto on a long narrow panel of canvas and giving it to mister poppum stood by the fire side while he depth it into the place prepared for it,0.21212121212121213,0.10588235294117647,0.0
mix_librispeech_11599,5,0.4,never mind now interposed the captain we will talk of that by and by,never mind now,0.7857142857142857,0.7941176470588235,0.0
mix_librispeech_10568,0,0.1,then she gave a little laugh and replied no miss beth i am elizabeth parsons,then she gave a little laugh and replied no miss beth i am elizabeth parsons,0.0,0.0,0.0
mix_librispeech_01342,0,0.4,when they were outside unc simply latched the door and started up the path,when they were outside you know i am simply latched the door and started up at half,0.42857142857142855,0.22972972972972974,0.0
mix_librispeech_08512,5,0.1,whereupon lake laughed quietly still looking on the ace of hearts with his sly eyes,whereupon lake left quietly still looking on the ace of hearts with his fly eyes,0.13333333333333333,0.08433734939759036,0.0
mix_librispeech_01619,5,1.0,he summoned half a dozen citizens to join his posse who followed obeyed and assisted him,he summoned happy does not citizens to join his plasi who followed obeyed and assisted him,0.25,0.13636363636363635,0.0
mix_librispeech_05287,0,0.1,yes do not you,yes do not you,0.0,0.0,0.0
mix_librispeech_02060,5,0.5,the others resented postponement but it was just his scruples that charmed me,the other resented postponement but it was just his group all the time to me,0.46153846153846156,0.22077922077922077,0.07142857142857142
mix_librispeech_12439,5,0.2,uncas occupied a distant corner in a reclining attitude being rigidly bound both hands and feet by strong and painful withes,uncus occupied a distant corner and reclining attitude being rigidly bound both hands and feet by strong and painful riffs,0.19047619047619047,0.06451612903225806,0.0
mix_librispeech_02219,0,0.2,it is necessary therefore that he should comply the king frowned,it is necessary therefore that he should comply everything the king frowned,0.09090909090909091,0.171875,0.07692307692307693
mix_librispeech_09865,0,0.4,when she came to her senses and blushing to find herself in rodolfo is arms would have disengaged herself no senora he said that must not be strive not to withdraw from the arms of him who holds you in his soul,when she came to her senses and washington find herself in rudolf is arms would have disengaged herself that must not be strive not to move her from your heart of him who holds you in his soul,0.2619047619047619,0.19523809523809524,0.0
mix_librispeech_06038,5,0.1,at last the cotton combine was to all appearances an assured fact and he was slated for the senate,at last the cotton combine was to all appearances in assured fact and he was slated for the senate,0.05263157894736842,0.01020408163265306,0.0
mix_librispeech_00260,5,1.0,they were now illuminated by the morning radiance of a young child is disposition but later in the day of earthly existence might be prolific of the storm and whirlwind,they were now illuminated by the morning radiance of a young child is disposition but later in the day of earthly existence might be prolific of the storm and whirlwind,0.0,0.0,0.0
mix_librispeech_11701,0,0.1,marie picked cherries and sang softly to herself stripping one glittering branch after another shivering when she caught a shower of raindrops on her neck and hair,marie picked cherries and sang softly to herself stripping one glittering branch after another she was wearing when she thought a shower of rain drops on her neck and hair,0.2222222222222222,0.0736196319018405,0.0
mix_librispeech_10231,5,0.3,i shall be happy to take charge of them said sir ferdinando,i shall be happy to take charge of them since i referred an end,0.4166666666666667,0.23728813559322035,0.0
mix_librispeech_09093,5,0.3,the only cheerful conversation was the conversation across the table between naomi and me,the only cheerful conversation was the conversation across the table between naomi and naomi,0.07142857142857142,0.0449438202247191,0.0
mix_librispeech_03744,0,0.4,of this party edward a boy of 17 called forth much sympathy he too was claimed by hollan,of this party edward of the lamp 17 called for much sympathy he too was claimed by holland,0.2777777777777778,0.13636363636363635,0.045454545454545456
mix_librispeech_02026,5,0.1,he could hardly stand still so great was his mental agitation and he ran towards holmes with 2 eager hands outstretched thank heaven that you have come,he could hardly stand still so great was his mental agitation and he ran towards homes with 2 older hands out stretched think heaven that you have come,0.18518518518518517,0.039735099337748346,0.0
mix_librispeech_06988,0,0.4,i am running for representative on the republican ticket said kenneth quietly,i am running for representative public and ticket,0.5,0.4155844155844156,0.1
mix_librispeech_04234,5,0.3,at the foot of the mountain that separated the country of the munchkins from the country of the gillikins the path divided,at the foot of the mountain the separated the country the lunchkins from the country of the gilliken the path divided,0.18181818181818182,0.06557377049180328,0.0
mix_librispeech_01917,5,0.2,for a full hour he had paced up and down waiting but he could wait no longer,for a full hour he had paced up and down waiting but he could wait no longer,0.0,0.0,0.0
mix_librispeech_01828,0,0.1,that a style is restrained or severe does not mean that it is also erroneous,that a style is restrained or severe does not mean that it is also a rune in,0.2,0.07894736842105263,0.0
mix_librispeech_09765,0,0.5,meanwhile he had called upon me to make a report of the 3 wire system known in england as the hopkinson both doctor john hopkinson and mister edison being independent inventors at practically the same time,meanwhile he had covered the news to make a report of the 3 wire system known in england as the hopkinson both doctor john hopkinson and mister edison being independent and vanished at the very beginning of the same time,0.25,0.1902439024390244,0.0
mix_librispeech_06233,5,0.2,to do so is to lose god altogether because god becomes intolerable when we seek to measure and to comprehend his infinite majesty,to do so is to lose god altogether because god becomes intolerable and we seek to measure and to comprehend his infinite majesty,0.043478260869565216,0.031007751937984496,0.0
mix_librispeech_11662,0,0.4,the parliament and the scots laid their proposals before the king,the parliament and the scots laid their proposals before the king,0.0,0.0,0.0
mix_librispeech_06283,5,1.0,my 1st and principal reason was that they enforced beyond all resistance on any student who might attempt to copy them this method of laying portions of distinct hue side by side,my 1st and principal lensing with that day in force lay on all resistance on any student who might attempt to clap the door this method of laying portions of distinct few side by side,0.34375,0.15730337078651685,0.1111111111111111
mix_librispeech_04208,5,0.3,stuteley was by his side in a flash and then they both began feeling about them to ascertain the shape and character of this vault,stutley was by his side in the flange and then they both began feeling about them to ascertain the shape and character of his vault,0.16,0.06153846153846154,0.0
mix_librispeech_00224,5,1.0,chapter 7 on the races of man,chapter 7 on the races of man,0.0,0.0,0.0
mix_librispeech_08915,0,0.4,i will briefly describe them to you and you shall read the account of them at your leisure in the sacred registers,i will briefly describe them and then you shall read the account of them at your leisure in the sacred registers,0.13636363636363635,0.07894736842105263,0.034482758620689655
mix_librispeech_10002,5,0.4,find some cresswells there big plantations rated at $250000,fines and cross wells there big plantations rated at $250000,0.4444444444444444,0.13559322033898305,0.14285714285714285
mix_librispeech_09333,0,0.1,is he going to start a daily newspaper among the kick a poos,is he going to start a daily newspaper among the kick up hoos,0.15384615384615385,0.05,0.058823529411764705
mix_librispeech_06469,0,0.3,yea his honorable worship is within but he hath a godly minister or 2 with him and likewise a leech,yeah his honorable worship is within but he has a godly minister or a good with him and likewise a lead,0.25,0.12121212121212122,0.0
mix_librispeech_11762,5,0.4,the sight of you bartley to see you living and happy and successful can i never make you understand what that means to me,the side of you bartley to see you living and happy and successful can i never make you understand what that means to me,0.041666666666666664,0.024793388429752067,0.0
mix_librispeech_10954,0,0.1,notwithstanding the high resolution of hawkeye he fully comprehended all the difficulties and danger he was about to incur,notwithstanding the high resolution of hawkeye he fully comprehended all the difficulties and danger he was about to incur,0.0,0.0,0.0
mix_librispeech_00846,0,1.0,but pearl who was a dauntless child after frowning stamping her foot and shaking her little hand with a variety of threatening gestures suddenly made a rush at the knot of her enemies and put them all to flight,but for all it is a do not wrestled after frowning stamping her foot and shaking her little hand with a variety of threatening gestures suddenly they made a rush at the knot of her enemies then put them all to flight,0.23076923076923078,0.14761904761904762,0.10344827586206896
mix_librispeech_04289,5,0.4,from the under surface of the clouds there are continual emissions of lurid light electric matter is in continual evolution from their component molecules the gaseous elements of the air need to be slaked with moisture for innumerable columns of water rush upwards into the air and fall back again in white foam,from the under surface of the fire continual out ish fluid light electric matter is in continual evolution from their component molecules the gaseous elements of the air need to be slaked with moisture for your eye to collide with water rush out of the air and fall back again in white foam,0.24528301886792453,0.17363344051446947,0.058823529411764705
mix_librispeech_05560,0,0.2,it is founded on the acknowledged weakness of those who survive that period of life at which men cease to work,it is found in on the acknowledged weakness of those who survived the period of life at which men cease to walk,0.23809523809523808,0.07272727272727272,0.0
mix_librispeech_02551,5,0.3,federal judges and united states attorneys in utah who were not mormons nor lovers of mormonism refused to entertain complaints or prosecute cases under the law because of its manifest injustice and inadequacy,federal judges and united states attorneys in utah who are not mormons nor lovers at warmenism refuse to entertain complaints or prosecute cases under the law because of its manifest injustice and inadequacy,0.12121212121212122,0.03827751196172249,0.0
mix_librispeech_11120,0,0.2,and often has my mother said while on her lap i laid my head she feared for time i was not made but for eternity,and often has my mother said while on her lap i laid my head she feared for time i was not made but for eternity,0.0,0.0,0.0
mix_librispeech_00117,5,0.1,this at once compels you to understand that the work is to be imaginative and decorative that it represents beautiful things in the clearest way but not under existing conditions and that in fact you are producing jeweler is work rather than pictures,this at once compels you to understand that the work is to be imaginative and decorative that it represents beautiful things in the clearest way but not under existing conditions and that in fact you are producing jewelers work rather than pictures,0.046511627906976744,0.008,0.0
mix_librispeech_08837,5,0.5,though i may be but an ungracious adviser you will allow me therefore to subscribe myself with the best wishes for your happiness here and hereafter your true friend robert southey,though i may be but an engrace of the writer who was as army their father his scribe his armor with the best wishes for your happiness here and hereafter,0.6129032258064516,0.4166666666666667,0.20833333333333334
mix_librispeech_05966,5,0.3,i do not know and can not say how you fine gentlemen define wickedness only as an obscure female i speak according to my lights and he is generally thought the wickedest man in this county,i do not know and can not say how you find gentleness and find wickedness only as an obscure female according to my lights and he is generally thought to the wickedest man in this county,0.19444444444444445,0.10106382978723404,0.0
mix_librispeech_08195,0,0.2,envy hatred malice and uncharitableness are never so essentially detestable to my mind as when they are animated by a sense of propriety and work under the surface but for my interest in naomi and my other interest in the little love looks which i now and then surprised passing between her and ambrose i should never have sat through that supper,in the in the in the in the in the in the in the in the in the in the in the in the in the in the in the in the in the in the in the in the in the in the in the in the in the in the in the in the in the in the in the in the in the in the in the in the in the in the in the in the in the in the in the in the in the in the in the in the in the in the in the in the in the in the in the in the in the in the in the in the in the in the in the in the in the in the in the in the in the in the in the in the in the in the in the in the in the in the in the in the in the in the in the in the in the in the in the in the in the in the in the in the in the in the in the in the in the in the in the in the in the in the in the in the in the in the in the in the in the in the in the in the in the in the in the in the in the in the in the in the in the in the in the in the in the in the in the in the in the in the in the in the in the in the in the in the in the in the in the in the in the in the in the in the in the in the in the in the,4.709677419354839,2.453757225433526,0.0
mix_librispeech_08659,5,1.0,taking advantage of this the squire is few men redoubled their efforts and encouraged by robin is and the little stroller is cries fought their way to him,taking advantage of this the squires human redouble at the efforts and in terms of by robbins and the little strollers cries fought their way to him,0.4642857142857143,0.16883116883116883,0.0
mix_librispeech_07489,0,0.5,why one morning there came a quantity of people and set to work in the loft,why one morning they gave a quantity of people and sent to work with his wife,0.375,0.18666666666666668,0.14285714285714285
mix_librispeech_00005,0,1.0,they asked him to come to see them in chelsea and they spoke very tenderly of hilda,they asked him to come to see them in chelsea and they spoke very timely,0.17647058823529413,0.1566265060240964,0.0
mix_librispeech_05342,0,0.5,on saturday mornings when the sodality met in the chapel to recite the little office his place was a cushioned kneeling desk at the right of the altar from which he led his wing of boys through the responses,on saturday morning when the snowdality met in the chapel to recite the little office his place was a cushioned kneeling desk at the right of the altar from which he led his wing up waste through the responses,0.10256410256410256,0.04830917874396135,0.0
mix_librispeech_09111,5,0.1,holmes held out a small chip with the letters n n and a space of clear wood after them you see,homes how to small chip with the letters n n and the space of clear wood after them you see,0.23809523809523808,0.11702127659574468,0.0
mix_librispeech_10787,5,0.5,before them fled the stroller and his 3 sons capless and terrified,before them fled the stroller in his 3 sons capless and terrified,0.08333333333333333,0.030303030303030304,0.0
mix_librispeech_04324,5,1.0,i delight in your kitchen,i do not like in your couch,0.8,0.56,0.08333333333333333
mix_librispeech_01063,5,0.4,then turning to jane she asked in a somewhat altered tone has she been a good girl jane,then turning to joey a rise you asked in a somewhat altered tone has she been a good girl jane,0.2222222222222222,0.12643678160919541,0.0
mix_librispeech_02590,5,0.3,she was here just now said the count,she was here just now said the count,0.0,0.0,0.0
mix_librispeech_08434,5,0.2,i discovered and put out a fire that would have destroyed the whole plant but marshall never even thanked me,i discovered and put out a fire that would have destroyed the whole plant but marshall never even changed me,0.05,0.018518518518518517,0.0
mix_librispeech_09352,0,0.3,on the mast already i see the light play of a lambent saint elmo is fire the outstretched sail catches not a breath of wind and hangs like a sheet of lead,on the mast already i see the light play of alignment that saint airwood is parents the outstretched seal which is not a breath of wind for things like a sheet of lead,0.28125,0.21428571428571427,0.0
mix_librispeech_11062,0,1.0,it might have seemed that a trout of this size was a fairly substantial meal,in my nephew i hope that i found this size area 3 way substantial new,0.8,0.4342105263157895,0.05555555555555555
mix_librispeech_03735,0,0.3,find some cresswells there big plantations rated at $250000,find some success wells there beer plantations rated at $250000,0.3333333333333333,0.11864406779661017,0.0
mix_librispeech_10589,0,1.0,why one morning there came a quantity of people and set to work in the loft,by one more day came upon to you people and said to work in the long,0.5,0.3466666666666667,0.0
mix_librispeech_03517,0,0.3,in the supposed depths of this dialog the neo platonists found hidden meanings and connections with the jewish and christian scriptures and out of them they elicited doctrines quite at variance with the spirit of plato,in the supposed depths of this diet the platonists found hidden meanings in connections to original intelligence scriptures and out of them they elicit a doctrine quite at very end,0.4722222222222222,0.30275229357798167,0.0
mix_librispeech_06986,0,0.1,well if i do not know who she was in love with i know who he was,well if i do not know who she was in love with i know who he was,0.0,0.0,0.0
mix_librispeech_10755,0,0.1,but the more forgetfulness had then prevailed the more powerful was the force of remembrance when she awoke,but the more forgetfulness had then prevailed the more powerful was the force of remembrance from she awoke,0.05555555555555555,0.037383177570093455,0.0
mix_librispeech_06767,5,0.4,if you should not be a good girl but should show signs of making us any trouble i shall have to send you out somewhere to the back part of the house until we are gone,if you should not be a good girl but should show signs of making us any trouble i shall have to send you out somewhere to the back part of the house until we are gone,0.0,0.0,0.0
mix_librispeech_05622,0,0.1,there it clothes itself in word masks in metaphor rags,they are at clothes itself in word masks in metaphor rags,0.3,0.07407407407407407,0.0
mix_librispeech_01605,0,1.0,housecleaning a domestic upheaval that makes it easy for the government to enlist all the soldiers it needs,house please made a mistake upheaval that makes it easy for the government to enlist all the soldiers it needs,0.2222222222222222,0.14018691588785046,0.0
mix_librispeech_01733,0,0.5,1000s of handkerchiefs were waving above these tightly packed masses hailing the abraham lincoln until it reached the waters of the hudson river at the tip of the long peninsula that forms new york city,1000s of hanker chimps were waving above these tightly packed masses hailing the abraham lincoln until it reached the waters of the hudson river at the tip of the long peninsula that forms new york city,0.05714285714285714,0.019801980198019802,0.0
mix_librispeech_10516,5,1.0,but when it came to be a question of lighting a scattered suburb a group of dwellings on the outskirts a remote country residence or a farm house the alternating current in all elements save its danger was and is ideal,but when it came to be a question of lighting a scattered suburb of people is drawings on the outskirts a remote country residents or a farmhouse the alternating current in all elements and its danger was andy is ideal,0.21951219512195122,0.09174311926605505,0.0
mix_librispeech_10901,0,0.2,we suffer stifling pains,we suffer stifling pain,0.25,0.041666666666666664,0.0
mix_librispeech_11672,0,0.5,it might have seemed that a trout of this size was a fairly substantial meal,and might have seen that a crack of this size was a very substantial meal,0.26666666666666666,0.18421052631578946,0.0
mix_librispeech_09504,0,0.3,a word should now be said about the origin of luther is commentary on galatians,a word should now be said about the origin of luther is commentary on galician,0.06666666666666667,0.0379746835443038,0.0
mix_librispeech_03812,0,0.5,they do not go where the enemies of the gospel predominate they go where the christians are,they do not go with the enemies of the gospel they go with the christians,0.23529411764705882,0.26373626373626374,0.0
mix_librispeech_12033,0,0.3,it is annoyance then,it is annoyance then,0.0,0.0,0.0
mix_librispeech_10554,0,1.0,i can not see it in that light said the old lawyer,i can not see it in that light,0.3333333333333333,0.4,0.0
mix_librispeech_10167,5,0.5,she sat down in a rocking chair and clasping her hands in her lap rocked slowly back and forth i am sorry said beth,she sat down in a rock chair and class be her hands in her lap you are rock slowly back and forth i am sorry for said beth,0.2916666666666667,0.1826086956521739,0.037037037037037035
mix_librispeech_01761,0,0.3,natty harmon tried the kitchen pump secretly several times during the evening for the water had to run up hill all the way from the well to the kitchen sink and he believed this to be a continual miracle that might give out at any moment,natty harmon the kitchen pump secretly several times during the evening but the water had run up hill all the way from the well to the kitchen sink i do not believe this to be a continual miracle that might get out at any moment,0.17391304347826086,0.09282700421940929,0.25
mix_librispeech_05401,5,0.1,how you may be wondering are you to begin your masterpiece,how you may be wondering are you to begin your masterpiece,0.0,0.0,0.0
mix_librispeech_02739,5,0.4,valor indeed was very generally diffused over the one party as well as the other during this period discipline also was attained by the forces of the parliament but the perfection of the military art in concerting the general plans of action and the operations of the field seems still on both sides to have been in a great measure wanting,valor indeed was very generally defeated over the one party as well as the other during this period discipline also was attained by the forces of the parliament but the perfection of the military art in concerting the general plans of action and the operations of the field seems still on both sides to have been in a great measure of wanting,0.03278688524590164,0.02064896755162242,0.0
mix_librispeech_12041,5,0.2,there was a unanimous groan at this and much reproach after which in his preoccupied way he explained,there was a unanimous agronetist and much for approach after which in his preoccupied way he explained,0.2777777777777778,0.12871287128712872,0.0
mix_librispeech_02472,0,0.5,therefore i feel myself quite able as president of this republic to receive you with a courtesy due to the servants of a friendly ally,there no one would interfere i feel myself quite able as president of this republic to receive you with a courtesy due to the surveillance friendly ally,0.32,0.22388059701492538,0.15
mix_librispeech_06738,5,0.3,at last the little mice stayed away also and the tree sighed after all it was very pleasant when the sleek little mice sat round me and listened to what i told them,last the little mice stayed away also and the tree side sad and silent after all it was very pleasant when the sleek little mice sat around me and listened to what i told them,0.18181818181818182,0.12195121951219512,0.15384615384615385
mix_librispeech_06891,5,0.2,the analysis of knowledge will occupy us until the end of the 13th lecture and is the most difficult part of our whole enterprise,the analysis of knowledge will occupy us until the end of the 13th lecture and is the most difficult part of our whole enterprise,0.0,0.0,0.0
mix_librispeech_07943,5,0.1,this is the explanation of the shallows which are found in that part of the atlantic ocean,this is the explanation of the shallows which are found in that part of the atlantic ocean,0.0,0.0,0.0
mix_librispeech_09685,5,1.0,he had for his own town residence a big house filled with the spoils of travel and the trophies of the chase but it was to his country home an old family place in essex that he wished her immediately to proceed,he had threw his own town residents a big house filled with the spoils of travel and the trophies at the chase but it was to his country and old family placed in the same sex that he wished for immediately to proceed,0.23809523809523808,0.11428571428571428,0.0
mix_librispeech_04206,5,0.4,i took 5 great bracelets of gold from our treasure chest and gave them to him,i took 5 great bracelets of gold from our current chest and gave them to him,0.0625,0.1038961038961039,0.0
mix_librispeech_06371,5,1.0,underscore these words for they are full of comfort for sore consciences,under square these words where they are full of conflict for casual or casual odds,0.6666666666666666,0.3888888888888889,0.0
mix_librispeech_10350,0,0.3,some others too big cotton county,some others too be a caught no one,0.8333333333333334,0.3939393939393939,0.06896551724137931
mix_librispeech_09361,0,0.4,that is comparatively nothing,that just apparently nothing,0.5,0.3793103448275862,0.0
mix_librispeech_10348,0,0.5,that will be a queer thing to be sure,that will be a queer thing to be sure,0.0,0.0,0.0
mix_librispeech_00232,5,0.5,totty however had descended from her chair with great swiftness and was already in retreat towards the dairy with a sort of waddling run and an amount of fat on the nape of her neck which made her look like the metamorphosis of a white suckling pig,totti however had descended from her chair with great switiquish and was already in return towards the dairy with a sort of waddling run and an amount of fat on the napier nack which made her look like the metamorphosis of a white suckling pig,0.14893617021276595,0.07258064516129033,0.0
mix_librispeech_08258,0,0.4,its depth remained invariable still 4 or at most 5 fathoms and although its bottom was assiduously dredged it was only to prove it barren of marine production of any type,it is depth remained invariable still 4 or at most 5 and although its bottom was assiduously dredged it was only to my concern,0.3870967741935484,0.3058823529411765,0.25
mix_librispeech_07561,0,0.5,mister neverbend began the captain and i observed that up to that moment he had generally addressed me as president it cannot be denied that we have come here on an unpleasant mission,mister neverband began and i observe that up to the moment he had generally addressed me as president why in the cannot be denied that we have come here on an unpleasant mission,0.24242424242424243,0.13114754098360656,0.25
mix_librispeech_09795,0,0.1,ojo became a bit uneasy at this for he had already put quite a lot of the cleverness powder in the dish but he dared not interfere and so he comforted himself with the thought that one cannot have too much cleverness,ojo became a bit uneasy at this for he had already put quite a lot of the cleverness powder in the dish but he dared not interfere if he will be comforted himself with the thought that one cannot have too much cleverness,0.09523809523809523,0.046296296296296294,0.08695652173913043
mix_librispeech_06168,5,0.3,hostess replaces lump and inclines empty teapot over tray for a moment then hands him a cup painted brown inside thus deceiving the gentleman with the telescope in the upper circle,hostess replaces lump and inclines the dtv over tray for a moment then hands will make up a breakdown inside thus dcing the gentleman with a telescope in the upper circle,0.2903225806451613,0.17777777777777778,0.0
mix_librispeech_11475,5,0.1,your majesty is plan then in this affair is,your majesty is plan then in this affair is,0.0,0.0,0.0
mix_librispeech_03596,5,0.1,della had a young sister named maria and a cousin whose name was jane,della had a young sister named maria and a cousin whose name was jane,0.0,0.0,0.0
mix_librispeech_06288,0,1.0,fitzooth is hand rested at last upon the top rung of a ladder and slowly the truth came to him,this youths fan rested at last account at the top run of the ladder and slowly proved to be,0.55,0.40425531914893614,0.0
mix_librispeech_04632,0,0.5,i am not allowed to perform magic except for my own amusement he told his visitors as he lighted a pipe with a crooked stem and began to smoke,i am not a little too far magic except for my own movement he told his visitors as he lied at a high we will the crook in stem and he can not hold you up,0.6551724137931034,0.3380281690140845,0.2
mix_librispeech_00125,5,0.3,and if i had a fortune would thee want me to lead a useless life,i can if i had a fortune would they want me to lead a useful life,0.26666666666666666,0.140625,0.09090909090909091
mix_librispeech_07641,0,0.4,let us retrace our steps and examine as we go with keener eyes,let us retrace our steps to haunt examinance with keen rise,0.5384615384615384,0.3064516129032258,0.0
mix_librispeech_06229,0,1.0,this i felt was paid to me as being president of the republic and i endeavored to behave myself with such mingled humility and dignity as might befit the occasion but i could not but feel that something was wanting to the simplicity of my ordinary life,this i felt there is paid to me as the president of the republic and i endeavored to behave myself with such big flexibility and big behavior as might be fit the occasion but i could not but feel that something was want to be a ordinary life,0.2978723404255319,0.20634920634920634,0.25
mix_librispeech_01296,0,0.4,cried the young ladies and they quickly put out the fire,cried the young ladies and they picked away put out the fire,0.18181818181818182,0.14285714285714285,0.0
mix_librispeech_01976,5,0.2,on she hurried until sweeping down to the lagoon and the island lo the cotton lay before her,on chihurid until sweeping down to the lagoon street and the island low the cotton lay before us,0.2777777777777778,0.17391304347826086,0.0
mix_librispeech_11847,0,0.1,he did not think of the warm sun and of the fresh air he did not care for the little cottage children that ran about and prattled when they were in the woods looking for wild strawberries,he did not think of the warm sun and of the fresh air he did not care for the little cottage children that ran about and prattled when they were looking for wild strawberries,0.08108108108108109,0.06951871657754011,0.0
mix_librispeech_11790,0,0.3,in all the novel had a difficult gestation,in all the novel had a difficult gestation,0.0,0.0,0.0
mix_librispeech_10267,5,0.3,image of weakness art thou but a worm,image of weakness are thou but a worm,0.125,0.02702702702702703,0.0
mix_librispeech_05750,0,0.1,he felt a tremor run through the slender yellow figure in front of him,he felt a drummer run through the slender yellow figure in front of him,0.07142857142857142,0.05714285714285714,0.0
mix_librispeech_08152,5,0.5,mother carey poured coffee nancy chocolate and the others helped serve the sandwiches and cake doughnuts and tarts,mother the air of port coffee nancy chocolate and the other self circuit of sandwiches and cake donuts are more actual,0.6666666666666666,0.3333333333333333,0.06060606060606061
mix_librispeech_03086,0,0.3,effects of the increased use and disuse of parts,be sure to use the uncreated use and disuse your parts,0.6666666666666666,0.3125,0.0
mix_librispeech_11588,5,0.4,i did not preach without direction,i did not preach without directing,0.16666666666666666,0.058823529411764705,0.0
mix_librispeech_06882,0,0.4,but under the circumstances i doubt if such an arrangement could be made,but under the circumstances i doubt a such an arrangement could be made,0.07692307692307693,0.027777777777777776,0.0
mix_librispeech_11625,0,0.2,done he aint done a thing he would oughter sence he was born,done he aint done a thing he orders since he was born,0.23076923076923078,0.18333333333333332,0.0
mix_librispeech_07673,5,0.5,the young man is in bondage and much i fear his death is decreed,the young man is in bondage and much i fear his death is accreed,0.07142857142857142,0.03125,0.0
mix_librispeech_03345,0,0.2,it is the language of wretchedness,it is the language of the chitness,0.3333333333333333,0.14705882352941177,0.0
mix_librispeech_08172,0,0.3,poor douglas before his death when it was in sight committed to me the manuscript that reached him on the 3rd of these days and that on the same spot with immense effect he began to read to our hushed little circle on the night of the 4th,poor douglas before his death when it was not sight he admitted to meet a manuscript that reached him on the 3rd of these days and that on the same spot with immense effect he began to read to our house little circle on the night of the 4th,0.125,0.058823529411764705,0.1111111111111111
mix_librispeech_11771,0,0.5,tuesday august 18th,if you will day august your promise,2.0,1.2105263157894737,0.1724137931034483
mix_librispeech_05870,5,0.4,come come returned hawkeye uncasing his honest countenance the better to assure the wavering confidence of his companion you may see a skin which if it be not as white as one of the gentle ones has no tinge of red to it that the winds of the heaven and the sun have not bestowed now let us to business,come come return potty and casing his honest countenance the better to assure the wavering confidence of his companion you may see a skin which if it be not as white as one of the gentle ones has no tidier red to it that the winds of the heaven and the sun have not bestowed now let us to business,0.1,0.053156146179401995,0.0
mix_librispeech_06506,5,0.2,many of these again and also many of the other aristocracy of less degree have in turn attached to their persons a more or less comprehensive group of vicarious consumer in the persons of their wives and children their servants retainers et cetera,many of these again and also many of the other aristocracy of lestigry have in turn attached to the person is immoralist comprehensive group of vicaris consumer in the persons of their wives and children their servants retainers etc,0.2558139534883721,0.10931174089068826,0.0
mix_librispeech_02797,5,0.4,you will carry out with you 100 men of the north north west birmingham regiment which will probably suffice for your own security as it is thought that if mister neverbend be withdrawn the people will revert easily to their old habits of obedience,you will carry out with you one more than another more than the northwest rearming hand regiment which will probably suffice for your own security as it is thought that if mister never been be withdrawn the most people will be very easily to their own habits of obedience,0.36363636363636365,0.1700404858299595,0.125
mix_librispeech_00918,5,0.2,yes but that is just the beauty of her passion,yes but that is just the beauty of her passion,0.0,0.0,0.0
mix_librispeech_01646,0,0.1,here is a ring for sif the friendly and here is a bracelet a sword would not be ashamed to hang at your side,here is a ring for sift the friendly and here is a bracelet and a sword would not be ashamed to hang it your side,0.125,0.05555555555555555,0.0
mix_librispeech_05122,5,0.4,but when his big brother heard that he had refused to give his cap for a king is golden crown he said that anders was a stupid,but when his big brother heard that he had refused to give his cap for a king is golden crown he said that anders was a stupid,0.0,0.0,0.0
mix_librispeech_05126,0,0.2,no thank you i will just look at the whelps and leave a message about them with your shepherd,no thank you i will just look at the welbs and leave a message about that one,0.2631578947368421,0.20430107526881722,0.0
mix_librispeech_04621,0,0.1,i expect you have been a very good girl andella since you were here last,i expect you have been a very good girl and ella since you were here last,0.13333333333333333,0.013888888888888888,0.0
mix_librispeech_06809,5,1.0,john taylor who had supported her through college was interested in cotton,with john taylor from a smaller earthy college we are interested in cotchos,0.75,0.43243243243243246,0.07692307692307693
mix_librispeech_00364,0,0.1,they followed the jailer along a succession of passages,they follow the jailer along the succession of passages,0.2222222222222222,0.09090909090909091,0.0
mix_librispeech_11479,5,0.3,he would be like a philologist refusing to examine a fact in language a philosopher hesitating to scrutinize a fact in humanity,he would be like the phylogist refusing to examine a fact language if a law suffocate hesitating to scrutinize a fact in humanity,0.2727272727272727,0.1889763779527559,0.16666666666666666
mix_librispeech_02125,0,0.1,poor rachel her nature recoiled from deceit and she told at all events as much of the truth as she dared,poor rachel her nature recoiled from deceit home and she told at all events as much of the truth as she dared,0.047619047619047616,0.04807692307692308,0.0
mix_librispeech_08150,0,0.3,well but now said the princess and she filled his pockets with cakes and put her own heavy gold chain around his neck and bent down and kissed him,well but now said the person and she filled his and it has got the cakes and put her own golden chain around his neck and down and kissed him,0.3103448275862069,0.22602739726027396,0.0
mix_librispeech_08717,5,0.5,from the graveyard gate one can count a dozen gayly painted farmhouses the gilded weather vanes on the big red barns wink at each other across the green and brown and yellow fields,from the graveyard gate 110 count the dozen galy painted farmhouses the field in weather veins on the big red barns wink at each other across the green and brown and yellow feelings,0.24242424242424243,0.12777777777777777,0.0
mix_librispeech_00055,0,1.0,the sight of you bartley to see you living and happy and successful can i never make you understand what that means to me,the side of your heart and see you living in that happy and successful yet that can never make it understand what that means to me,0.4166666666666667,0.256198347107438,0.1111111111111111
mix_librispeech_00638,5,0.1,it was further decorated with strange and seemingly cabalistic figures and diagrams suitable to the quaint taste of the age which had been drawn in the stucco when newly laid on and had now grown hard and durable for the admiration of after times,it was further decorated with strange and seemingly cabalistic figures and diagrams suitable to the quaint taste of the age which had been drawn in the stucco when newly laid on and had now grown hard and delivered was for the admiration of after times,0.045454545454545456,0.044715447154471545,0.0
mix_librispeech_00302,0,0.4,they regained their apartment apparently without disturbing the household of gamewell,they regain their apartment apparently without disturbing the household gain well,0.2727272727272727,0.09411764705882353,0.0
mix_librispeech_10958,0,0.1,sir harry towne mister bartley alexander the american engineer,sir harry town mister bartley alexander the american engineer,0.1111111111111111,0.016129032258064516,0.0
mix_librispeech_05811,0,1.0,i can perceive love clearly enough,i can perceive love so you are good enough,0.6666666666666666,0.38235294117647056,0.0
mix_librispeech_01276,5,0.2,why fade these children of the spring,why fade these children of the spring,0.0,0.0,0.0
mix_librispeech_10247,0,0.3,it may be that a great colorist will use his utmost force of color as a singer his full power of voice but loud or low the virtue is in both cases always in refinement never in loudness,it may be that a great colorless the most force of color as a singer his full power of voice but loud or low the virtue is in both cases all within the 5 never in loudness,0.23684210526315788,0.16216216216216217,0.0
mix_librispeech_04432,5,0.5,recognition in this sense does not necessarily involve more than a habit of association the kind of object we are seeing at the moment is associated with the word cat or with an auditory image of purring or whatever other characteristic we may happen to recognize in the cat of the moment,recognition in this sense does not necessarily involve more that a habit of association the kind of object we are seeing as the most is associated with the word cat or with an auditory image of pairing or whatever other characteristic we may happen to recognize in the act of the moment,0.09615384615384616,0.03125,0.0
mix_librispeech_03644,0,0.1,the mother in managing the case in this way relies partly on convincing the reason of the child and partly on an appeal to her affection,the mother in managing the case in this way relies partly on convincing the reason of the child and partly on an appeal to her affection,0.0,0.0,0.0
mix_librispeech_04143,0,0.4,the mystery of their origin their capacity for evolving latent faculties of crime and the steady vitality with which they survive the hearse and speak their deep mouthed malignities in every new born generation have associated them somehow in my mind with a spell of life exceeding and distinct from human and a special satanic action,the mystery of their origin and he wick capacity for evolving with weight eclectic primarge and the study vitality with which they survived the hers and speak their deep mouth milignities in every and he will not the association has associated them somehow in my mind with a spell of life exceeding and distinct for human and a special satanic action,0.35714285714285715,0.18263473053892215,0.0625
mix_librispeech_02878,0,1.0,the poor little things cried cynthia think of them having been turned to the wall all these years,let me show you the things i said that i think of them too,1.0,0.6804123711340206,0.0
mix_librispeech_06493,0,0.5,scuse me said trot i neglected to tell you that you are not the boolooroo any more,excuse me i need blood i need blood i need blood i need blood i need blood i need blood i need blood i need blood i need blood i need blood i need blood i need blood i need blood i need blood i need blood i need blood i need blood i need blood i need blood i need blood i need blood i need blood i need blood i need blood i need blood i need blood i need blood i need blood i need blood i need blood i need blood i need blood i need blood i need blood i need blood i need blood i need blood i need blood i need blood i need blood i need blood i need blood i need blood i need blood i need blood i need blood i need blood i need blood i need blood i need blood i need blood i need blood i need blood i need blood i need blood i need blood i need blood i need blood i need blood i need blood i need blood i need blood i need blood i need blood i need blood i need blood i need blood i need blood i need blood i need blood i need blood i need blood i need blood i need blood i need blood i need blood i need blood i need blood i need blood i need blood i need blood i need blood i need blood i need blood i need blood i need blood i need blood i need blood i need blood i need blood i need blood i need blood i need blood i need blood i need blood i need blood i need blood i need blood i need blood i need blood i need blood i need blood i need blood i need blood i need blood i need blood i need blood i need blood i need blood i need blood i,19.470588235294116,16.926829268292682,0.0
mix_librispeech_10478,5,1.0,and he leaned against the wall lost in reverie,he leans against the wall lost,0.4444444444444444,0.3695652173913043,0.0
mix_librispeech_10453,5,1.0,be not so foolish friend said fitzooth crossly,be not so foolish friend said vizuth costly,0.25,0.13043478260869565,0.0
mix_librispeech_05240,5,0.2,so they were quite willing to obey the orders of their girl queen and in a short time the blasts of trumpets and roll of drums and clashing of cymbals told trot and cap n bill that the blue bands had assembled before the palace,so they are quite willing to obey the orders of their girl queen and in a short time the blast of trumpets and roll of drums and clashing of songs told trott and cat and bill that the blue bands had assembled before the pen was,0.17777777777777778,0.08370044052863436,0.0
mix_librispeech_11752,0,0.2,horse sense a degree of wisdom that keeps one from betting on the races,horse sense make a degree of wisdom that keeps one from betting on the races,0.07142857142857142,0.07042253521126761,0.0
mix_librispeech_10488,0,0.4,wherever the means of grace are found there is the holy church even though antichrist reigns there,wherever the means of grace is fairly over the holy church even though anti means are very in here,0.5882352941176471,0.29591836734693877,0.07142857142857142
mix_librispeech_06937,0,1.0,associated with this simple form of apparatus were various ingenious details and refinements to secure regularity of operation freedom from inaccuracy and immunity from such tampering as would permit theft of current or damage,associated with the simple form of apparatus we are various intelligence details and refinements to secure regularity of operation freedom from inaccuracy and immunity of such temporary has been permitted for methylated or damage,0.35294117647058826,0.18141592920353983,0.1111111111111111
mix_librispeech_07240,0,0.3,the english forwarded to the french baskets of flowers of which they had made a plentiful provision to greet the arrival of the young princess the french in return invited the english to a supper which was to be given the next day,the english forwarded to the french baskets of flowers of which they had made a plantable provision to create the arrival of the young princess all the french intern invited the english to a supper which was to be given the next day,0.11627906976744186,0.06956521739130435,0.0
mix_librispeech_09945,5,0.5,come forth worm and the silent valley to thy pensive queen,come forth warm and the silent valley to the expensive clone,0.36363636363636365,0.15517241379310345,0.0
mix_librispeech_10160,5,0.2,how kind man is after all,how kind man is after all,0.0,0.0,0.0
mix_librispeech_02593,0,0.4,he wanted to begin at the top of the ladder,she wanted to again at the top floor bladder,0.5,0.23255813953488372,0.058823529411764705
mix_librispeech_11309,0,0.5,their assumed character changed with their changing opportunities or necessities,there assumed work there changed with room for opportunities when the set is,0.9,0.4,0.05555555555555555
mix_librispeech_02393,5,0.1,and anyhow there is nothing to understand,and any others nothing to understand,0.42857142857142855,0.14634146341463414,0.05
mix_librispeech_00523,5,0.3,they were later used as reserve machines and finally with the engine retired from service as part of the collection of edisonia but they remain in practically as good condition as when installed in 1883,they were later used as reserve machines and finally with the engine retired from service as part of the collection of edasonia but they remain in practically as condition as one installed in 1883,0.08571428571428572,0.04455445544554455,0.0
mix_librispeech_06376,0,0.2,ben zoof is most ambitious desire was to induce the captain to go with him and end his days in his much loved home and so incessantly were servadac is ears besieged with descriptions of the unparalleled beauties and advantages of this 18th arrondissement of paris that he could scarcely hear the name of montmartre without a conscious thrill of aversion,benzof is most ambitious desire was to induce the captain to go with him and end his days in his much loved home and so and assassinated with service actors besieged with descriptions of the unparalleled beauties and advantages of this 18th hour on decimal the paris that he could scarcely hear the name of montmartre without a conscious thrill of a version,0.21311475409836064,0.11331444759206799,0.0
mix_librispeech_06981,0,0.5,will the hurons hear his groans,well the huron is hear his wounds,0.6666666666666666,0.22580645161290322,0.0
mix_librispeech_06677,0,0.3,i must come another day and see your husband i want to have a consultation with him about horses,i am a coming another day and see your husband i want to do a consultation with him about horses,0.21052631578947367,0.11458333333333333,0.0
mix_librispeech_03900,5,0.5,your majesty is plan then in this affair is,your majesty is plan then in this affair is,0.0,0.0,0.0
mix_librispeech_12044,0,0.3,westmere and i were back after the 1st act and we thought she seemed quite uncertain of herself,westmaren i were back after the 1st act and died it thought she seemed quite uncertain or so,0.3333333333333333,0.17894736842105263,0.0
mix_librispeech_05585,0,0.1,there is a want of flow and often a defect of rhythm the meaning is sometimes obscure and there is a greater use of apposition and more of repetition than occurs in plato is earlier writings,there is a one of flow and often a defect of britain the meaning is sometimes obscure and there is a greater use of opposition and more of repetition than it could be replaced earlier writings,0.19444444444444445,0.13157894736842105,0.05555555555555555
mix_librispeech_11696,0,0.1,it is an antipathy an antipathy i cannot get over dear dorcas you may think it a madness but do not blame me,it is an antipathy an antipathy i cannot get over a dear dorques you may think it amazes but do not blame me,0.17391304347826086,0.08333333333333333,0.0
mix_librispeech_07956,0,0.1,he clasped his hands on the desk and said,he clashed his hands on the desk and said,0.1111111111111111,0.024390243902439025,0.0
mix_librispeech_07570,5,0.1,the behaviorist who attempts to make psychology a record of behavior has to trust his memory in making the record,the behaviorist who attempts to make psychology a record of behavior has to trust his memory and nothing the record,0.1,0.05309734513274336,0.0
mix_librispeech_11314,5,0.5,true history being a mixture of all things the true historian mingles in everything,true history being a mixture of all things the true history in mingles in everything,0.14285714285714285,0.03614457831325301,0.0
mix_librispeech_06777,5,0.1,he must descend with his heart full of charity and severity at the same time as a brother and as a judge to those impenetrable casemates where crawl pell mell those who bleed and those who deal the blow those who weep and those who curse those who fast and those who devour those who endure evil and those who inflict it,he must descend with his heart full of charity and severity at the same time as a brother and as a judge i have those impenetrable casemates who are crawl pell now those who bleed and those who deal the blow those who reap in those who curse those who fasten those who devour those who endure evil and those who inflicted,0.1774193548387097,0.071875,0.0
mix_librispeech_10161,5,1.0,now you will stay cried van say polly will not you,now you are today right man say pauli will not you,0.45454545454545453,0.3,0.0
mix_librispeech_00671,0,1.0,i shudder as i recall these monsters to my remembrance,i show them as i worry i am always more smart to you remember against his own,1.3,0.8333333333333334,0.10714285714285714
mix_librispeech_04188,0,0.5,the army found the people in poverty and left them in comparative wealth,the army found so much for the top of it and left them in the air as well,0.7692307692307693,0.4722222222222222,0.3333333333333333
mix_librispeech_00666,0,0.3,all the furniture belonged to other times,all the furniture belonged to other times,0.0,0.0,0.0
mix_librispeech_03266,5,0.3,philip lefrank this is my overlooker mister jago said the old man formally presenting us,feelable of frank this is my overlooked mister yago said the other man formerly presenting us,0.4666666666666667,0.20454545454545456,0.06666666666666667
mix_librispeech_01887,0,0.5,on august 27th 1837 she writes,i august 27th 1837 she writes,0.16666666666666666,0.06666666666666667,0.07142857142857142
mix_librispeech_11458,0,1.0,john taylor who had supported her through college was interested in cotton,i will be permitted to make luther king to american cotton,0.9166666666666666,0.7027027027027027,0.2222222222222222
mix_librispeech_08472,0,0.1,suddenly the ichthyosaurus and the plesiosaurus disappear below leaving a whirlpool eddying in the water,suddenly the iktia soras and the plusius soras disappear below is leaving a warpull heading in the water,0.4666666666666667,0.2403846153846154,0.0
mix_librispeech_09911,0,0.2,experience proves this,experience proves this,0.0,0.0,0.0
mix_librispeech_11139,0,0.4,from the norwegian graveyard one looks out over a vast checker board marked off in squares of wheat and corn light and dark dark and light,from the norwegian graveyard silver a vast checkerboard i found all squares of wheat and corn light and dark,0.46153846153846156,0.30434782608695654,0.030303030303030304
mix_librispeech_09091,0,0.3,after proceeding a few miles the progress of hawkeye who led the advance became more deliberate and watchful,after proceeding a few miles the progress in the archive who led the advance became more deliberate and watchable,0.2222222222222222,0.12037037037037036,0.0
mix_librispeech_07687,5,0.5,when i was a young man i thought paul was making too much of his call,when i was a young man i thought paul was making too much of his call,0.0,0.0,0.0
mix_librispeech_06031,0,0.5,i will ask the least imaginable but i must have something,i will ask you as least imaginable but i must have something,0.18181818181818182,0.10526315789473684,0.0
mix_librispeech_06090,5,0.3,the most famous of them all was the overthrow of the island of atlantis,the most famous of them all was the old rule of the island of atlantis,0.14285714285714285,0.11267605633802817,0.0
mix_librispeech_06238,0,0.4,so they were quite willing to obey the orders of their girl queen and in a short time the blasts of trumpets and roll of drums and clashing of cymbals told trot and cap n bill that the blue bands had assembled before the palace,so they were quite willing to obey the orders of their girl queen and in a short time the last of the role of dress and crashing of symbols told trott and caton bill that the blue vanishes and no for the palace,0.3111111111111111,0.16299559471365638,0.0
mix_librispeech_07350,0,0.4,facts form one of these and ideas the other,that is form wildies and its and other,0.7777777777777778,0.4883720930232558,0.05
mix_librispeech_07830,0,0.5,do you suppose the miniature was a copy of the same thing,do you suppose the miniature was a competency saint wheeling,0.4166666666666667,0.2807017543859649,0.0
mix_librispeech_00760,0,0.4,if this matter is not to become public we must give ourselves certain powers and resolve ourselves into a small private court martial,if this matter is not to become public we must give ourselves certain powers and resolve ourselves into a small private court martial,0.0,0.0,0.0
mix_librispeech_06254,0,0.2,i did not mean said captain battleaxe to touch upon public subjects at such a moment as this,i did not mean said captain battlex the catch upon public subjects at such a moment as there,0.2222222222222222,0.10869565217391304,0.1111111111111111
mix_librispeech_01906,5,0.1,he impressed me as being a perfectly honest man,he impressed me as being a perfectly honest man,0.0,0.0,0.0
mix_librispeech_03818,0,1.0,he was like unto my father in a way and yet was not my father,they were dead with my father and i too knew it was not my father,0.6,0.3770491803278688,0.023809523809523808
mix_librispeech_06269,5,0.3,the former boolooroo groaned,the former military ground,0.5,0.35714285714285715,0.0
mix_librispeech_04300,0,0.5,when she could not make a rabbit or a bird look real on paper she searched in her father is books for pictures of its bones,when she could not write a rabbit or a bird look real on paper she searched in her other books for pictures of these songs,0.19230769230769232,0.12195121951219512,0.0
mix_librispeech_05569,5,0.2,he knew his uncle would be glad to hear that he had at last turned his thoughts to a practical matter,he knew his uncle would be glad to hear that he had at last it was his thoughts to a practical matter,0.09523809523809523,0.0594059405940594,0.09523809523809523
mix_librispeech_07941,0,0.1,whose feet are as the feet of harts and underneath the everlasting arms,who is feet are as the feet of hearts and underneath the everlasting arms,0.23076923076923078,0.056338028169014086,0.0
mix_librispeech_10785,5,0.3,thus it is that the honor of 3 is saved our country is our master is and our own,the girls it is that the honor of 3 saved our country our mass consopens our own,0.3684210526315789,0.2625,0.0
mix_librispeech_04164,0,1.0,rejoice in thy growth said the sunbeams,to do so it seems to be all together because god is come vindus,2.0,1.205128205128205,0.3157894736842105
mix_librispeech_11223,0,0.5,to be or not to be that is the question whether tis nobler,to be or not to be that is the question whether to is no query,0.3076923076923077,0.10344827586206896,0.0
mix_librispeech_05971,0,0.2,sorry we have not any reception room in the jail,sorry we have not any reception room in the jail,0.0,0.0,0.0
mix_librispeech_03579,0,0.5,0 but i am glad to get this place mowed,0 but i am glad to get this very split in,0.3,0.3333333333333333,0.07692307692307693
mix_librispeech_02832,0,0.4,bartley started when hilda rang the little bell beside her dear me why did you do that,bartley started my own wrang the little bell beside her did you hear me why did you do that,0.35294117647058826,0.20930232558139536,0.043478260869565216
mix_librispeech_05449,5,0.2,to the young american here or elsewhere the paths to fortune are innumerable and all open there is invitation in the air and success in all his wide horizon,to the young american here where elsewhere the paths to fortune are innumerable and all open there is invitation in the air and success in all his wide horizon cities,0.06896551724137931,0.07051282051282051,0.0
mix_librispeech_03472,5,0.2,no doubt in process of time the ladies will follow,no doubt in process of time the ladies will follow,0.0,0.0,0.0
mix_librispeech_06327,0,0.4,but now here is a subject of which you will wonder at 1st why turner drew it at all,but now here is a subject of which you will wonder it 1st why turner drew it all,0.10526315789473684,0.04819277108433735,0.0
mix_librispeech_00137,5,0.1,exclaimed bill harmon to his wife as they went through the lighted hall,explained bill harron to his wife as they went through the light at hall,0.3076923076923077,0.08450704225352113,0.0
mix_librispeech_07043,5,0.4,length of service 14 years 3 months and 5 days,length of service 14 years 3 months and 5 days,0.0,0.0,0.0
mix_librispeech_04892,0,0.1,i know no such place said the tree,i know no such place said the tree,0.0,0.0,0.0
mix_librispeech_02180,0,0.1,she even seemed mildly amused at the attention she attracted,she even seemed mildly amused at the attention she attracted,0.0,0.0,0.0
mix_librispeech_10320,5,0.4,when the king comes to paris everybody calls out vive le roi,when the king comes to the terrace everybody calls out veeve a little boy,0.5,0.3333333333333333,0.0
mix_librispeech_07730,0,0.1,that is true badauderie,that is true baddalt gray,0.5,0.30434782608695654,0.0
mix_librispeech_03177,0,0.1,it is possible that i may be in a position then to indicate some course of action,it is possible that i may be in a position then to indicate some course of action,0.0,0.0,0.0
mix_librispeech_04854,0,0.1,dorcas in her strange way was moved,dorcus in her strange way was moved,0.14285714285714285,0.02857142857142857,0.0
mix_librispeech_04637,0,1.0,there is even a white row of beehives in the orchard under the walnut trees,there is nothing right robe hives and the orcs are not going to be honest anymore,0.9333333333333333,0.6133333333333333,0.14285714285714285
mix_librispeech_05115,0,0.1,take him out thorkel and let him taste your sword,take them out torkel and let them taste your sword,0.3,0.10204081632653061,0.0
mix_librispeech_11620,5,0.4,this was at the march election 1855,this was at the march election 1855,0.0,0.0,0.0
mix_librispeech_07648,0,0.4,does thee think thee could stand it 6 months,does the think the could stand at 6 months,0.3333333333333333,0.06818181818181818,0.03571428571428571
mix_librispeech_04261,0,0.3,far from it sire your majesty having given no directions about it the musicians have retained it,far from its sire you are mentally having given no directions about it the musicians have retained it,0.23529411764705882,0.10416666666666667,0.0
mix_librispeech_01331,0,0.2,surface dust at least had been removed and the fine old furniture gave a hint of its real elegance and polish,surface does at least had been removed and the fine old furniture gave a hint of its real elegance and tone,0.09523809523809523,0.07339449541284404,0.0
mix_librispeech_10209,0,0.5,philip lefrank this is my overlooker mister jago said the old man formally presenting us,feelable for i aint rust is my over here mister yago send a little man form ladders any else,1.0,0.5227272727272727,0.0
mix_librispeech_10674,0,0.3,familiarity is a feeling capable of degrees,familiarity is a filling effort for degrees,0.42857142857142855,0.2558139534883721,0.0
mix_librispeech_07002,0,0.1,thus no knowledge as to the past is to be derived from the feeling of familiarity alone,thus no knowledge as to the past is to be derived from the filling of familiarity alone,0.058823529411764705,0.022988505747126436,0.0
mix_librispeech_09550,5,0.2,remembering has to be a present occurrence in some way resembling or related to what is remembered,remembering has to be a present occurrence in some way resembling or related to what is remember,0.058823529411764705,0.02040816326530612,0.0
mix_librispeech_06941,5,0.2,it is a duty said i,it is a duty said i,0.0,0.0,0.0
mix_librispeech_08017,5,0.5,guided by you how we might stroll towards death our only music one another is breath through gardens intimate with hollyhocks where silent poppies burn between the rocks by pools where birches bend to confidants above green waters scummed with lily plants,guided by you how we might stroll towards death through ordinance hunting it with high hoax the silent ponds burn between the rice by foaming swimmer to the bend to confidants above green waters scummed with the lily plants,0.47619047619047616,0.3254901960784314,0.0
mix_librispeech_06241,5,0.3,on the palm were 3 little pyramids of black doughy clay,on the palm we are 3 little pyramids of black do we,0.36363636363636365,0.18181818181818182,0.0
mix_librispeech_09521,5,0.1,he spoke french perfectly i have been told when need was but delighted usually in talking the broadest yorkshire,he spoke french perfectly i have been told when need was but delighted usually in talking the broadest yorkshire,0.0,0.0,0.0
mix_librispeech_12481,0,0.1,but joyce had not been listening all at once she put down her candle on the table and faced her companion,but joyce had not been listening all at once she put down her candle on the table and faced her companion,0.0,0.0,0.0
mix_librispeech_06881,0,0.1,the christmas holidays came and she and anne returned to the parsonage and to that happy home circle in which alone their natures expanded amongst all other people they shriveled up more or less,the christmas holidays came and she and anne returned to the parcinage and to that happy home circle in which alone the earth is expanded amongst all other people they shriveled up more or less,0.11764705882352941,0.04639175257731959,0.0
mix_librispeech_10342,0,0.1,when you argue about the nature of god apart from the question of justification you may be as profound as you like,when you argue about the nature of god apart from the question of justification you may be as profound as you like,0.0,0.0,0.0
mix_librispeech_04530,0,1.0,i am my dear and all strangers are welcome to my home,i am either and all strangers are welcome tonight,0.4166666666666667,0.22641509433962265,0.0
mix_librispeech_10314,5,0.2,that summer the rains had been so many and opportune that it was almost more than shabata and his man could do to keep up with the corn the orchard was a neglected wilderness,that summer the reins had been so many and opportune that it was almost more than shabbata and his man could do to keep up with the car the orchard was an neglected wilderness,0.11764705882352941,0.028735632183908046,0.0
mix_librispeech_04673,0,0.4,we have tortured each other enough for tonight,we have tortured each other in the night,0.375,0.21739130434782608,0.027777777777777776
mix_librispeech_06996,5,0.3,ay me,i mean,1.0,0.8,0.0
mix_librispeech_01252,0,0.4,marie sighed,marie thank you,1.0,0.75,0.125
mix_librispeech_11470,0,1.0,i made her for only 20 oars because i thought few men would follow me for i was young 15 years old,i made a phone call as i saw it you then would follow me i would john 15 years old,0.5909090909090909,0.42857142857142855,0.09090909090909091
mix_librispeech_03374,0,0.4,how is it la valliere said mademoiselle de tonnay charente that the vicomte de bragelonne spoke of you as louise,how is it lavalian i heard said modemuzelle d teneshaw that the v compter brago lone spoke to you as louise,0.6,0.3125,0.0
mix_librispeech_02814,5,0.2,lifting the iron hammer that hung at the portal hester prynne gave a summons which was answered by one of the governor is bond servant a free born englishman but now a 7 years slave,lifting the iron hammer that hung at the portal has to print gave a summons which was answered by one of the governor is bomb searchers a freeborn englishman but now a 7 year slave,0.22857142857142856,0.09392265193370165,0.0
mix_librispeech_04719,0,0.4,in short he becomes a prominent figure in london society and if he is not careful somebody will say so,and short term becomes a prominent figure in one of the sides and if he is not careful somebody will say so,0.3,0.16666666666666666,0.18181818181818182
mix_librispeech_06544,0,1.0,in an image of a well known face for example some parts may feel more familiar than others when this happens we have more belief in the accuracy of the familiar parts than in that of the unfamiliar parts,in a new way a new world should never be created in your old car some parts will push more than the lower ground to anymore and this happens we have more believe in the lower ground to the lower ground to the lower ground to the lower ground to the lower ground to the lower ground to the lower ground to the lower ground to the lower ground to the lower ground to the lower ground to the lower ground to the lower ground to the lower ground to the lower ground to the lower ground to the lower ground to the lower ground to the lower ground to the lower ground to the lower ground to the lower ground to the lower ground to the lower ground to the lower ground to the lower ground to the lower ground to the lower ground to the lower ground to the lower ground to the lower ground to the lower ground to the lower ground to the lower ground to the lower ground to the lower ground to the lower ground to the lower ground to the lower ground to the lower ground to the lower ground to the lower ground to the lower ground to the lower ground to the lower ground to the lower ground to the lower ground to the lower ground to the lower ground to the lower ground to the lower ground to the lower ground to the lower ground to the lower ground to the lower ground to the lower ground to the lower ground to the lower ground to the lower ground to the lower ground to the lower ground to the lower ground to the lower ground to the lower ground to the lower ground to the lower ground to the lower ground to the lower ground to the lower ground to the lower ground to the lower ground to the lower ground to the lower ground to the lower ground to the lower ground to the lower ground to the lower ground to the lower ground to the lower ground to the lower ground to the lower ground to the lower ground to the lower ground to the lower ground to the lower ground to the lower ground to the lower ground to the lower ground to the lower ground to the lower ground to the lower ground to the lower ground to the lower ground to the lower ground to the lower ground to the lower ground to the lower ground to the lower ground to the lower ground to the lower ground to the lower ground to the lower ground,10.948717948717949,10.192118226600986,0.25
mix_librispeech_10040,5,0.5,many if not all the elements of the pre socratic philosophy are included in the timaeus,many i am not to touch all the elements of the preso cratic philosophy or any of that in these days,0.75,0.367816091954023,0.36363636363636365
mix_librispeech_04858,5,0.1,it is a stock company and rich,it is a stock company in rich,0.14285714285714285,0.06666666666666667,0.037037037037037035
mix_librispeech_07901,0,0.3,i will not be wicked any more sighed the old boolooroo i will reform,i will be wicked anymore son,0.7142857142857143,0.6029411764705882,0.0
mix_librispeech_11229,5,0.1,well what can not be done by main courage in war must be done by circumvention,well what can not be done by main courage and war must be done by circumvention,0.0625,0.02564102564102564,0.05555555555555555
mix_librispeech_08580,5,1.0,men should not speculate about the nature of god,men should not speculate about the neatroid,0.3333333333333333,0.16666666666666666,0.0
mix_librispeech_08427,5,0.2,she had another weight on her mind this christmas,she had another weight on her mind this christmas,0.0,0.0,0.0
mix_librispeech_01077,5,1.0,do you know lake 0 i really can not tell but he will soon tire of country life,do you know that is the way of the world 0 i really can not tell that he will see a tire of country life,0.5555555555555556,0.4230769230769231,1.0
mix_librispeech_10176,5,0.2,a voice from beyond the world was calling,a voice from beyond the world was calling,0.0,0.0,0.0
mix_librispeech_04363,5,0.5,i am running for representative on the republican ticket said kenneth quietly,i am running for represented for our republican ticket said kenneth quietly,0.25,0.12987012987012986,0.0
mix_librispeech_00770,0,0.3,and with it i leave you a name sif the friendly i shall hope to drink with you sometime in valhalla,and with it i leave you a name sifth and honly i shall hope to drink with you some time and vol hall,0.38095238095238093,0.15151515151515152,0.0
mix_librispeech_10357,5,0.2,to those duties you have not yet been called and when you are you will be less eager for celebrity,to those duties you have not yet been called and when you are you will be less eager for celebrity,0.0,0.0,0.0
mix_librispeech_08865,5,0.3,but in the rest of the work the power of language seems to fail him and the dramatic form is wholly given up,but in the rest of the work the power of the language seems to fail him and the dramatic forearm attack is only given up,0.17391304347826086,0.1574074074074074,0.0
mix_librispeech_00249,0,1.0,and i declare it is too bad that it is,and i declare that right,0.6,0.5,0.0
mix_librispeech_09766,5,0.4,at the emerald city where our princess ozma lives green is the popular color,at the emerald city where our project has been the marine is the popular car,0.42857142857142855,0.3026315789473684,0.0
mix_librispeech_07239,0,0.4,poor douglas before his death when it was in sight committed to me the manuscript that reached him on the 3rd of these days and that on the same spot with immense effect he began to read to our hushed little circle on the night of the 4th,poor douglas before his death when it had took light,0.8541666666666666,0.7857142857142857,0.09090909090909091
mix_librispeech_03419,5,0.2,not a doubt but had your force been only double or treble our own i should have found it my duty to struggle with you,not a doubt but had your force been only double or trouble i should have found out my duty to struggle with you,0.16,0.10256410256410256,0.0
mix_librispeech_10273,5,0.3,nor was rodolfo less surprised than they and the better to assure himself of so wonderful a fact he begged leocadia to give him some token which should make perfectly clear to him that which indeed he did not doubt since it was authenticated by his parents,nor was her dollful less surprised than he did and the better to assure himself or so wonderful effect he begged locadia to give him some token which should make perfectly clear to him that which indeed he did not doubt since it was authentic he had been by his parents,0.2553191489361702,0.1015625,0.0
mix_librispeech_10015,5,0.5,for many then this book has been a source of fascination surely one of the most influential novels ever written an inspiration for such scientists and discoverers as engineer simon lake oceanographer william beebe polar traveler sir ernest shackleton,for many then this book has been a source of fascination surely one of the most influential novels ever written an inspiration for such scientists and discoveries as engineers simon lake both inoders will young the bees polar tablets or earnest shakleton,0.3076923076923077,0.136,0.0
mix_librispeech_04976,0,0.2,at the farther end of the largest hall a table was set with golden cups and golden plates in long rows,at the farther end of the largest hall a table was set with golden cops and golden plates in long rows,0.047619047619047616,0.00980392156862745,0.0
mix_librispeech_04544,5,0.5,there is no class and no country that has yielded so abjectly before the pressure of physical want as to deny themselves all gratification of this higher or spiritual need,there is no class and no concern that as yielded so effectively before the pressure of physical will not as to deny themselves all the gratification of this higher and spiritual need,0.23333333333333334,0.13450292397660818,0.07142857142857142
mix_librispeech_05565,5,1.0,such consumption as falls to the women is merely incidental to their work it is a means to their continued labor and not a consumption directed to their own comfort and fulness of life,such consumption is caused to the women is merely incidental to their love it is a means to their continued labor and not to consume some direct to their own comfort and fullness of life,0.23529411764705882,0.10326086956521739,0.0
mix_librispeech_07939,5,0.4,there was something of sweetness and fondness in her tones and manner which was new to rachel and comforting and she returned the greeting as kindly and felt more like her former self,there was something of sweetness and fondness in her tones of happiness which was new to rachel and comforting and she returned the greeting as kind of lean for her and felt more like her former self,0.21212121212121213,0.13114754098360656,0.0
mix_librispeech_00716,5,1.0,whereupon lake laughed quietly still looking on the ace of hearts with his sly eyes,we are upon lake left quietly the next still looking on the east part with his fly of the next,0.8666666666666667,0.4457831325301205,0.16666666666666666
mix_librispeech_12069,5,0.1,the wine did certainly bring back the color to the squire is cheeks,the wind did certainly bring back the color to the squires cheeks,0.23076923076923078,0.04477611940298507,0.0
mix_librispeech_02048,5,0.1,0 sir do not mention it said missus poyser,0 sir do not mention it send missus poiser,0.2222222222222222,0.07142857142857142,0.0
mix_librispeech_05997,5,0.4,these means cannot be contaminated,these mean that cannot be contaminated,0.4,0.14705882352941177,0.0
mix_librispeech_06600,0,0.1,we are of course in fact able to judge when we recognize an object that we have seen it before but this judgment is something over and above recognition in this 1st sense and may very probably be impossible to animals that nevertheless have the experience of recognition in this 1st sense of the word,we are of course in fact able to judge when we recognize an object that we have seen it before but this judgment is something over and above recognition in this 1st sense and may very probably be impossible to animals and for the less have the experience of recognition in this 1st sense of the word,0.07272727272727272,0.03333333333333333,0.0
mix_librispeech_07245,0,0.5,many of these affiliated gentlemen of leisure are at the same time lesser men of substance in their own right so that some of them are scarcely at all others only partially to be rated as vicarious consumers,many of these are still in the same place the same time less than enough substance in their own right so that some of them are still in the same place i am not only partial to be rated as vicarious consumers,0.47368421052631576,0.3188405797101449,0.0
mix_librispeech_04178,5,0.5,0 it is better to live on the sea and let other men raise your crops and cook your meals,0 it is better to live on the sea and let other men raise your blocks and cook your meals,0.05,0.045454545454545456,0.0
mix_librispeech_04809,0,0.1,let us retrace our steps and examine as we go with keener eyes,let us retrace our steps and examine as we go with keen rise,0.15384615384615385,0.08064516129032258,0.0
mix_librispeech_10916,5,0.1,the scottish generals and commissioners affected great surprise on the appearance of the king and though they paid him all the exterior respect due to his dignity they instantly set a guard upon him under color of protection and made him in reality a prisoner,the scottish generals and commissioners affected great surprise on the appearance of the king and though they paid him all the exterior respect due to his dignity they instantly set a guard upon him under color of protection and made him in reality a prisoner,0.0,0.0,0.0
mix_librispeech_11851,0,0.5,familiarity is a feeling capable of degrees,familiarity and fulfilling capable of degrees,0.42857142857142855,0.18604651162790697,0.0
mix_librispeech_07140,0,0.1,let us hear the suspicions i will look after the proofs,let us see the suspicions i will look after the proofs,0.09090909090909091,0.05454545454545454,0.0
mix_librispeech_07190,5,0.2,if ever he was impelled to cast sin from him and to repent the impulse that moved him was the wish to be her knight,if ever he was impelled to cast sin from him and to repent the impulse that moved him was the wish to be her knight,0.0,0.0,0.0
mix_librispeech_01460,5,0.3,the late astounding events however had rendered procope manifestly uneasy and not the less so from his consciousness that the count secretly partook of his own anxiety,the late astounding events however had rendered procodes manifestly uneasy and not the less soving his consciousness that the count secretly partook of his own anxiety,0.1111111111111111,0.041916167664670656,0.0
mix_librispeech_05989,0,0.3,the farmer sat gloomily on the bench and would not eat and you cannot wonder for he saw us putting potfuls of his good beef and basket loads of bread into our big mouths,the farmer is sack gloomily on the bench and would not eat and you cannot wonder for he saw us putting potfills of his good beef and basculodes of bread and garlic now,0.2647058823529412,0.15384615384615385,0.0
mix_librispeech_09860,5,0.4,their diving stone poised on its rude supports and rocking under their plunges and the rough hewn stones of the sloping breakwater over which they scrambled in their horseplay gleamed with cold wet luster,their diving stone poised on its ruins ports and rocking under their plunges and the rough hune stones of the sloping breakwater over which they scrambled in their horseplay gleamed with cold wet luster,0.08823529411764706,0.0392156862745098,0.0
mix_librispeech_10948,5,0.3,probably not till the 2nd post,probably not till the 2nd post,0.0,0.0,0.0
mix_librispeech_02000,5,0.4,i am so very tired of being all alone here,i am so very tired of being quite alone here,0.1,0.11904761904761904,0.0
mix_librispeech_08175,5,1.0,gloves said the young man,gloves said the young man,0.0,0.0,0.0
mix_librispeech_00404,0,1.0,it sounded dull it sounded strange and all the more so because of his main condition which was,it is under it is our strange with all the more so because it is main condition which was,0.3888888888888889,0.2127659574468085,0.0
mix_librispeech_00384,5,0.2,it was the 1st great sorrow of his life it was not so much the loss of the cotton itself but the fantasy the hopes the dreams built around it,it was the 1st great sorrow of his life it was not so much the loss of the client itself but the fantasy the hopes the dreams built around it,0.03333333333333333,0.03546099290780142,0.0
mix_librispeech_11805,0,1.0,when she had that bad illness and i was only 11 years old she used to say you will have a friend on earth in your aunt rachel if i am taken from you for she has a kind heart and i am sure i have found it so,would she have that bad illness and i was only a lifterist to tell me when we were together you will have a friend on earth in your aunt rachel if i am taken from you for she has a kind heart and i was here at the center,0.3673469387755102,0.2669902912621359,0.5
mix_librispeech_11857,0,0.3,his wife now lies beside him and the white shaft that marks their graves gleams across the wheat fields,his wife now lies beside him and the wife shaft that marks their graves gleams across the wheat fields,0.05263157894736842,0.019417475728155338,0.0
mix_librispeech_10344,5,0.5,will you forgive me now,will you forgive me now,0.0,0.0,0.0
mix_librispeech_01633,5,0.3,but not more than what is in the bible aunt said dinah,but not more than what is in the bible and sedina,0.25,0.12962962962962962,0.1111111111111111
mix_librispeech_11942,5,0.3,i shudder as i recall these monsters to my remembrance,i shudder as i recall these monsters to the remembrance,0.1,0.05555555555555555,0.0
mix_librispeech_04784,0,0.5,i was thinking it is very like the ace of hearts answered the captain softly smiling on,i was thinking it is very like the asmr answer the captain is office my name is lion,0.5882352941176471,0.3333333333333333,0.0
mix_librispeech_11818,0,0.5,this person was rodolfo who though he had gone to look for his friends had changed his mind in that respect not thinking it advisable to acquaint them with what had passed between him and the girl,this person was redone although we had gone to look for his friends had changed his mind in that respect nothing can get advisable to acquaint them but what had passed between him and a girl,0.24324324324324326,0.12244897959183673,0.07692307692307693
mix_librispeech_06970,0,0.1,beth uneasy at his silence nudged him,beth uneasy at a silence nudged him,0.14285714285714285,0.08108108108108109,0.0
mix_librispeech_03925,0,0.1,i love thee with the passion put to use in my old griefs and with my childhood is faith,i love thee with the passion put to use in my old griefs in with my childhood is faith,0.05263157894736842,0.022988505747126436,0.0
mix_librispeech_04158,5,0.3,i have nothing to wear replied that demure person,i have nothing to reply that the mere person,0.4444444444444444,0.24489795918367346,0.0
mix_librispeech_07449,0,1.0,it is also noticeable that the serviceability of consumption as a means of repute as well as the insistence on it as an element of decency is at its best in those portions of the community where the human contact of the individual is widest and the mobility of the population is greatest,it is also noticeable that the service ability can come through the means of the flute as well as the instrument and the instrument and the decency is at its best in those portions of the community where the human can take a cry and his religious widest and the opportunity of the flute to the flute,0.5094339622641509,0.3170731707317073,0.18181818181818182
mix_librispeech_08415,0,0.2,they worry me terribly and besides i would like to see what this lovely furniture looks like without such quantities of dust all over it good scheme cyn,maybe we are imitating the animals i would like to see what this lovely furniture looks like without such quantities of dust all over it good it is scheme sin,0.32142857142857145,0.23026315789473684,0.027777777777777776
mix_librispeech_02193,5,0.2,the 1st of these touches conveyed that the written statement took up the tale at a point after it had in a manner begun,the 1st of these touches conveyed that the written statement took up the tale at a point after it had in a manner for gun,0.08333333333333333,0.03361344537815126,0.0
mix_librispeech_11328,5,0.3,ojo had never eaten such a fine meal in all his life,ojo had never eaten such a fine meal in all his life,0.0,0.0,0.0
mix_librispeech_10016,0,1.0,alice took up the fan and gloves and as the hall was very hot she kept fanning herself all the time she went on talking dear dear how queer everything is to day,i was to get the fan and the fame as the whole is very hot it is getting hard here so all the time it is written,0.7575757575757576,0.5875,0.05555555555555555
mix_librispeech_01015,5,0.3,that is the best way to decide for the spear will always point somewhere and one thing is as good as another,that is the best way to decide the spear will always point somewhere and one thing is as good as another,0.045454545454545456,0.037037037037037035,0.0
mix_librispeech_05124,0,0.5,there is many a one considerably older than i am,there is many a one can be considerably overdue than i am,0.3,0.25,0.02564102564102564
mix_librispeech_07418,0,0.2,robin fitzooth saw that his doubts of warrenton had been unfair and he became ashamed of himself for harboring them,robin fitzhouth saw that his doubts of one can have been unfair and he became ashamed to himself for re arbring them,0.35,0.14782608695652175,0.0
mix_librispeech_07409,5,0.5,it is exciting to see everything growing so fast and to get the grass cut,it is exciting to see everything growing so fast and to get the grass cut,0.0,0.0,0.0
mix_librispeech_08989,0,0.5,forgetting all their weariness they seized their candles and scurried through the house finding an occasional paper tucked away in some odd corner,forgetting all their weariness this is a different kind of street through the house finding on a paper,0.6521739130434783,0.4657534246575342,0.043478260869565216
mix_librispeech_02871,5,1.0,we have a commander who is game for anything,we have a commander of this game for anything,0.2222222222222222,0.11363636363636363,0.0
mix_librispeech_00009,5,0.1,a fresh wholesome looking boy was tom gates with steady gray eyes an intelligent forehead but a sensitive rather weak mouth,a fresh wholesome looking boy was tom gates with steady gray eyes an intelligent forehead who does an sensitive rather weak mouth,0.14285714285714285,0.07317073170731707,0.0
mix_librispeech_10136,5,0.3,you will say that a woman has no need of such a caution there can be no peril in it for her,you will say that a woman has no need of such a caution there can be no peril in it for her,0.0,0.0,0.0
mix_librispeech_01838,5,0.4,he wore blue silk stockings blue knee pants with gold buckles a blue ruffled waist and a jacket of bright blue braided with gold,he wore blue silk stockings blue knee pants with golden buffens a blue ruffled waist and a jacket of bright blue braided neck length,0.16666666666666666,0.125,0.0
mix_librispeech_04804,0,0.4,we can all be servants of god wherever our lot is cast but he gives us different sorts of work according as he fits us for it and calls us to it,we can all be servants of god we are wherever our lot is cast but he gives us different sorts of work according to the princess for it and calls us to it,0.1875,0.1111111111111111,0.0
mix_librispeech_00255,0,0.3,here she was teaching dirty children and the smell of confused odors and bodily perspiration was to her at times unbearable,here she was taken dirty children and the smell of confused odors and bodily presmarish no no no was to hide her at her time unbearable,0.38095238095238093,0.22764227642276422,0.08333333333333333
mix_librispeech_07026,0,0.1,captain servadac hastened towards him,captain servedac hastened toward him,0.4,0.05405405405405406,0.0
mix_librispeech_05713,0,1.0,then heaving a heavy sigh probably among the last he ever drew in pining for a condition he had so long abandoned he added it is what i would wish to practice myself as one without a cross of blood though it is not always easy to deal with an indian as you would with a fellow christian,then he being a heavy sigh probably among the last he ever drew in pining for a condition he was so long abandoned he added it is what i would wish to practice myself as one without a cross of blood though it is not always easy to deal with an indian,0.1724137931034483,0.14685314685314685,0.0
mix_librispeech_03324,5,0.3,no words were spoken no language was uttered save that of wailing and hissing and that somehow was indistinct as if it existed in fancy and not in reality,no word no language was uttered saved out of wailing in the mistake and that somehow was indistinct as if it existed in fancy and modern reality,0.3448275862068966,0.2012987012987013,0.05555555555555555
mix_librispeech_07714,0,0.3,why a tongue impress would with honey from every wind,why a tongue impressed with honey from every wind,0.2,0.09433962264150944,0.0
mix_librispeech_01581,5,0.3,whose name did you sign to the check asked kenneth,who is named it you signed to the check ask kenneth,0.6,0.2,0.05
mix_librispeech_11148,5,0.4,yet these thoughts affected hester prynne less with hope than apprehension,yet these thoughts affected hester prin less with hope and apprehension,0.18181818181818182,0.08108108108108109,0.0
mix_librispeech_00924,0,0.4,distrusting his own judgment his appeals to the opinion of chingachgook were frequent and earnest,distrusting his own judgment his appeals to the opinion of chinggath from lord de requent and earned hall,0.4666666666666667,0.18556701030927836,0.0625
mix_librispeech_02779,5,0.5,what she wanted from us was neither our flowers nor our francs but just our youth,what she wanted from us was the flower is nor our franks but just our food,0.3125,0.18518518518518517,0.0
mix_librispeech_10700,5,0.5,tis fine for you to talk old man answered the lean sullen apprentice,just find for you to talk old man and through the leaves all in apprentice,0.5384615384615384,0.2647058823529412,0.0
mix_librispeech_07891,0,1.0,in place of a single hamlet in the smallest corner of which the members could have congregated there now are about 70 stakes of zion and about 700 organized wards each ward and stake with its full complement of officers and priesthood organizations,we should place a single hamlet in the smallest order which the various lives will have they are now are 70 stakes of zan and about 2nd part is fertilized words we should be drawn and stake with that full complement of the other specific presiderial civilization,0.627906976744186,0.4596774193548387,0.06060606060606061
mix_librispeech_06132,5,0.2,then she gave rosalie back her magic ring thanking the kind witch for all she had done for them,then she gave rosalie back her magic ring thank you the kind which for all she had done for them,0.15789473684210525,0.06315789473684211,0.0
mix_librispeech_05320,5,0.4,the lord who has given us power to teach and to hear let him also give us the power to serve and to do luke 2,the lord who has given us power to teach and to hear let him also give us the power to serve and to do,0.07692307692307693,0.06422018348623854,0.0
mix_librispeech_07312,0,0.2,asked phronsie in intense interest slipping down out of polly is arms and crowding up close to jasper is side,asked for free in intense interests slipping down out of polysars when crowding up close to jasper is side,0.35,0.14678899082568808,0.0
mix_librispeech_07102,0,0.3,those fellows are all very loyal even mainhall,those fellows are all very loyal even main level,0.25,0.10869565217391304,0.0
mix_librispeech_06042,5,0.1,a feeling of freedom and i was awake where,a feeling of freedom and i was awake where,0.0,0.0,0.0
mix_librispeech_03775,0,0.5,the scottish generals and commissioners affected great surprise on the appearance of the king and though they paid him all the exterior respect due to his dignity they instantly set a guard upon him under color of protection and made him in reality a prisoner,the scottish generals and commissioners affected the great surprise of the appearance of the king and though they pay him all the exterior respect to his dignity he instantly set a bride upon him a recolor of protection and made him in reality a prisoner,0.17777777777777778,0.0888030888030888,0.0
mix_librispeech_04835,0,1.0,and anyhow there is nothing to understand,and any other thing to understand,0.5714285714285714,0.21951219512195122,0.0
mix_librispeech_04964,0,0.5,therefore her majesty paid no attention to anyone and no one paid any attention to her,there if any of us see paid no attention to anyone and attention to her,0.625,0.36046511627906974,0.09090909090909091
mix_librispeech_10971,0,1.0,cotton is a wonderful thing is it not boys she said rather primly,cotton is a wonderful thing it is a poor person he said rather pretty,0.46153846153846156,0.24615384615384617,0.0
mix_librispeech_00539,5,1.0,whether or not this principle is liable to exceptions everyone would agree that is has a broad measure of truth though the word exactly might seem an overstatement and it might seem more correct to say that ideas approximately represent impressions,whether or not this principle is liable to accept shins everyone would agree that it has a broad measure of truth though the words exact law might send it over certain and it might seem more correct to say that i do not have to accept the represit for interruption,0.4878048780487805,0.23387096774193547,0.15384615384615385
mix_librispeech_07483,5,0.1,this is our last feast with you i said,this is our last feast with you i said,0.0,0.0,0.0
mix_librispeech_02745,0,0.3,at the foot of the mountain that separated the country of the munchkins from the country of the gillikins the path divided,at the foot of the mountain it is not separated the country from the mountains from the country of the gilliken the tedious to the path divided,0.4090909090909091,0.23770491803278687,0.06666666666666667
mix_librispeech_03719,0,0.5,this was done for the event took place at a time when the consent of the parties was sufficient for the celebration of a marriage without any of the preliminary formalities which are now so properly required,this was done for the event to explain that a crowd of the boys was sufficient for the celebration of the men without any of the preliminary formalities which are now so properly required,0.2702702702702703,0.19806763285024154,0.1
mix_librispeech_06819,0,0.3,0 yes said jack and i am nowhere,0 yes jack and i am not,0.25,0.3125,0.0
mix_librispeech_09337,0,0.4,in one place at the head of the room was a raised platform for the royal family with elegant throne chairs for the king and queen and 6 smaller but richly upholstered chairs for the snubnosed princesses,in one place at the head of the room we used a raised platform with elegant drone chairs for the king and smaller but richly appostored chairs for those known next brings of this,0.4594594594594595,0.3118811881188119,0.045454545454545456
mix_librispeech_04468,5,0.1,he selected a small gold bottle with a pepper box top so that the powder might be sprinkled on any object through the small holes,he selected a small gold bottle with a pepper box top so that the powder might be sprinkled on any object through the small holes,0.0,0.0,0.0
mix_librispeech_00667,0,0.2,the proof was in 3 long slips i had left them all together,the proof was in 3 long slips i had left them all together,0.0,0.0,0.0
mix_librispeech_07575,0,0.5,yes but that is just the beauty of her passion,yes that is just the beauty of her passion,0.1,0.08695652173913043,0.0
mix_librispeech_11211,0,0.3,as for the ichthyosaurus has he returned to his submarine cavern,as for the if the service has returned to a separate cabin,0.6363636363636364,0.375,0.0
mix_librispeech_08549,5,0.3,missus harmon thought he sang too much and told her husband privately that if he was a canary bird she should want to keep a table cover over his head most of the time but he was immensely popular with the rest of his audience,missus hartman thought he sang too much and told her husband private added he was a canary bird she should want to keep a table cover every day most of the time but he was immensely popular with the rest of his audience,0.15555555555555556,0.07964601769911504,0.0
mix_librispeech_05063,0,1.0,i will show you what a good job i did and she went to a tall cupboard and threw open the doors,i will shoot you when you put a good job in the lead and when my pal has a good experience and through a good experience,0.7727272727272727,0.6595744680851063,0.045454545454545456
mix_librispeech_11023,5,0.4,we can all be servants of god wherever our lot is cast but he gives us different sorts of work according as he fits us for it and calls us to it,we can all be servants of god we are in the one in the last cast but he gives us different sorts of work according to his request as for it and calls us to it,0.375,0.2152777777777778,0.2222222222222222
mix_librispeech_10975,0,0.4,4 or 5 of the latter only lingered about the door of the prison of uncas wary but close observers of the manner of their captive,4 or 5 of the latter only lingered about the dual of the resin of uncus wary but close to the other,0.34615384615384615,0.28125,0.0
mix_librispeech_01353,5,0.2,i reside in the marais rue de douze portes,i reside in the fray grue de dos port,0.4444444444444444,0.23809523809523808,0.0
mix_librispeech_07114,5,0.4,i have my own reasons mister marshall,i have my own reasons mister marshall,0.0,0.0,0.0
mix_librispeech_12216,5,0.1,she ceasd and smild in tears then sat down in her silver shrine,she ceased and smiled in tears then sat down in her silver shrine,0.15384615384615385,0.031746031746031744,0.0
mix_librispeech_08662,0,0.4,then he tossed it down and seized the next,then he tossed it down he will seize the net watched,0.5555555555555556,0.38095238095238093,0.07142857142857142
mix_librispeech_02703,0,0.3,this was what did the mischief so far as the running away was concerned,this was what did the mom did so far as the running away was coming,0.21428571428571427,0.16901408450704225,0.0
mix_librispeech_03330,5,0.3,the standard edison meter practice was to remove the cells once a month to the meter room of the central station company for examination another set being substituted,the standard edison meter practice was to remove the cells once a month and meter room of the central station company for examination another set being substituted,0.07142857142857142,0.03614457831325301,0.0
mix_librispeech_08053,5,0.5,many if not all the elements of the pre socratic philosophy are included in the timaeus,man if not all the elements of the creso cratic philosophy are included the team is,0.375,0.13793103448275862,0.0
mix_librispeech_09588,5,0.3,nay i rather thrilled distrusting every light that seemed to gild the onward path and feared to overlean a finger even,nay i rather thrill is trusting every light that seemed to gill the onward path and fear to overlead a finger even,0.2857142857142857,0.06779661016949153,0.0
mix_librispeech_03584,5,0.4,the consumption of luxuries in the true sense is a consumption directed to the comfort of the consumer himself and is therefore a mark of the master,the consumption of leg rage in the true sense is a consumption directed to the comfort of the consumer himself and is therefore a mark of the master,0.07407407407407407,0.04054054054054054,0.0
mix_librispeech_11797,5,0.3,my scholar has been left very poor but he is hard working and industrious he will do well,my scholar has been left very poor but he is hardworking and industrious he will do well,0.1111111111111111,0.011235955056179775,0.0
mix_librispeech_05645,0,0.4,the top floor belongs to miles mc laren,the top floor belongs to miles mclaren,0.25,0.02564102564102564,0.0
mix_librispeech_03376,0,0.3,and henry might return to england at any moment,and harry might return to england at any moment,0.1111111111111111,0.0425531914893617,0.0
mix_librispeech_01256,5,0.5,here lay the reading of the riddle with infinite work and pain some one had dug a canal from the lagoon to the creek into which the former had drained by a long and crooked way thus allowing it to empty directly,here lay the reading of the written we can feel and work in pain someone had dug a canal from the lagoor to the creek and to which the former had drained by a long and quickened way thus allowing it to empty directly,0.2857142857142857,0.14691943127962084,0.0625
mix_librispeech_06190,0,0.3,now that too is over,now that too is over,0.0,0.0,0.0
mix_librispeech_11704,0,0.1,but the real significance and comfort of the words for our sins is lost upon them,but the real significance and comfort of the words for our sins is lost upon them,0.0,0.0,0.0
mix_librispeech_09442,5,0.4,dear me ejaculated the old gentleman in the utmost amazement and such a time as i have had to get her here too,dear me a jackpot,0.8695652173913043,0.8727272727272727,0.0
mix_librispeech_05348,5,0.5,there were plenty of people to help but of course the young lady who should go down as governess would be in supreme authority,they were plenty of people to help but of course the young lady who should go down as governors would be in some green authority,0.16666666666666666,0.0873015873015873,0.0
mix_librispeech_11003,5,1.0,but they dragged him out of the room and up the stairs into the loft and here in a dark corner where no daylight could enter they left him,but they dragged him out of the room and up the stairs went into the loft and here it had darted cold eyes that you will find where no daylight could enter they left him,0.3448275862068966,0.2608695652173913,0.3333333333333333
mix_librispeech_11476,0,0.5,though thrown into prison for this enterprise and detained some time he was not discouraged but still continued by his countenance and protection to infuse spirit into the distressed royalists,though throne into forever the facet of the early early herons will be tamed some time he was not discouraged but still continued leaving his assertive and purgatory protection to ensure that we are satisfied that we are in the distressed royalists,0.8,0.5260416666666666,0.19230769230769232
mix_librispeech_11125,5,1.0,their contents had all boiled away leaving in the bottom of each kettle a few grains of fine white powder,their content that all will go away leaving in the bomb with each kettle a few grams of fine white powder,0.35,0.17142857142857143,0.05263157894736842
mix_librispeech_04175,5,0.2,proscribed by the civil and ecclesiastical powers of the empire the donatists still maintained in some provinces particularly in numidia their superior numbers and 400 bishops acknowledged the jurisdiction of their primate,prescribed by the civil and ecclesiastical powers of the empire the donantists still maintained in some provinces particularly in the media there is superior numbers and 400 bishops acknowledge the jurisdiction of their prime notice,0.28125,0.08108108108108109,0.0
mix_librispeech_04910,0,0.5,of this 2nd letter also she spoke and told me that it contained an invitation for her to go and see the poet if ever she visited the lakes,of this 2nd letter also she spoke and told me that it is contained an invitation from the holy spirit if ever she visited the place,0.3448275862068966,0.2028985507246377,0.0
mix_librispeech_01852,5,0.1,the tree only came to himself when he was unloaded in a court yard with the other trees and heard a man say that one is splendid we do not want the others,the tree only came to himself when he was unloaded in a courtyard with the other trees and heard a man say that one is splendid we do not want the others,0.06060606060606061,0.006493506493506494,0.0
mix_librispeech_06316,0,0.4,nottingham castle was reached and admittance was demanded,not again castle was reached and emitting the british demanded,0.625,0.3333333333333333,0.037037037037037035
mix_librispeech_12319,5,0.1,and to think we can save all that misery and despair by the payment of a $150,and to think we can save all that misery and despair by the payment of $150,0.058823529411764705,0.025974025974025976,0.0
mix_librispeech_02105,0,1.0,0 little cloud the virgin said i charge thee to tell me why thou complainest now when in one hour thou fade away then we shall seek thee but not find ah thel is like to thee,i charge the which i will be recognized when the one arrow is now faded away then we shall leave it a little red direct shine,0.8108108108108109,0.6011560693641619,0.14285714285714285
mix_librispeech_00133,0,0.1,on arriving at home at my own residence i found that our salon was filled with a brilliant company,on arriving at home at my own residence i found that arcelon was filled with a brilliant company,0.10526315789473684,0.05102040816326531,0.0
mix_librispeech_05029,5,0.2,he is not well he has come over the ocean for rest and change of scene,he is not well he has come over the ocean for rest but changes scene,0.1875,0.08571428571428572,0.0
mix_librispeech_00928,5,0.2,a great saint saint francis xavier,a great saint saint francis xavier,0.0,0.0,0.0
mix_librispeech_00823,5,0.3,observe again what care the law took in the pursuit of wisdom searching out the deep things of the world and applying them to the use of man,observe again what i have heard a lot took in the pursuit of wisdom searching out the deep things of the world and applying them to the people to the end,0.32142857142857145,0.17857142857142858,0.17647058823529413
mix_librispeech_07576,0,0.3,he is another who is awfully keen about her let me introduce you,he is another who is awfully keen about her,0.3076923076923077,0.328125,0.0
mix_librispeech_11632,0,0.3,the free state men had only their convictions their intelligence their courage and the moral support of the north the conspiracy had its secret combination the territorial officials the legislature the bogus laws the courts the militia officers the president and the army,the free state men had only their convictions their intelligence their courage and the moral support of the north the conspiracy had its secret combination the territorial officials the legislature the bogus laws the courts the militia the officers the presidents and the army,0.046511627906976744,0.01845018450184502,0.0
mix_librispeech_01531,0,0.2,it must remember be one or the other,it must remember be one or the problem,0.125,0.1388888888888889,0.0
mix_librispeech_01214,5,1.0,what is the tumult and rioting cried out the squire authoritatively and he blew twice on a silver whistle which hung at his belt,what is that tumult and rioting crite out the squire theoretically and he blew twice on the silver whistle which hung it as belt,0.25,0.1484375,0.0
mix_librispeech_00504,0,1.0,when it is a question of probing a wound a gulf a society since when has it been considered wrong to go too far to go to the bottom,we will just move on to the middle and the middle and the middle and the middle and the middle and the middle and the middle and the middle and the middle and the middle and the middle and the middle and the middle and the middle and the middle and the middle and the middle and the middle and the middle and the middle and the middle and the middle and the middle and the middle and the middle and the middle and the middle and the middle and the middle and the middle and the middle and the middle and the middle and the middle and the middle and the middle and the middle and the middle and the middle and the middle and the middle and the middle and the middle and the middle and the middle and the middle and the middle and the middle and the middle and the middle and the middle and the middle and the middle and the middle and the middle and the middle and the middle and the middle and the middle and the middle and the middle and the middle and the middle and the middle and the middle and the middle and the middle and the middle and the middle and the middle and the middle and the middle and the middle and the middle and the middle and the middle and the middle and the middle and the middle and the middle and the middle and the middle and the middle and the middle and the middle and the middle and the middle and the middle and the middle and the middle and the middle and the middle and the middle and the middle and the middle and the middle and the middle and the middle and the middle and the middle and the middle and the middle and the middle and the middle and the middle and the middle and the middle and the middle and the middle and the middle and the middle and the middle and the middle and the middle and the middle and the middle and the middle and the middle and the middle and the middle and the middle and the middle and the middle and the middle and the middle and the middle and the middle and the middle and the middle and the middle and the middle and the middle and the middle and the middle and the middle and the middle and the middle and the middle and the middle and the middle and the middle and the middle and the middle and the middle and the middle and the middle and,15.275862068965518,16.267175572519083,0.06666666666666667
mix_librispeech_10188,5,1.0,the air and the earth are curiously mated and intermingled as if the one were the breath of the other,we are curious we made an intending woman but if the one were the friends they would be other,0.75,0.504950495049505,0.125
mix_librispeech_06530,5,0.5,it has been my privilege to tread the soil of many lands to observe the customs and study the habits of more nations than one and i have yet to find the place and meet the people where and with whom the purity of man and woman is held more precious than among the maligned mormons in the mountain valleys of the west,it has been my privilege to tread the soil of many lands to observe the customs and study the habits of more nations than one i have yet to find the place and meet the people wherein with whom the purity of man and woman is held more precious than among the maligned warmits and the mountain valleys of the west,0.07936507936507936,0.04113924050632911,0.0
mix_librispeech_03072,5,0.1,this happened every year and the young fir tree that had now grown to a very comely size trembled at the sight for the magnificent great trees fell to the earth with noise and cracking the branches were lopped off and the trees looked long and bare they were hardly to be recognized and then they were laid in carts and the horses dragged them out of the wood,this happened every year and the unferred tree that had now grown to a very commonly sized trembled at the site and i have no one ready for the magnificent great trees fell to the earth with noise and cracking the branches were locked off and the trees looked long and bare they were hardly to be recognized and then they were laid in carts and the horses dragged out of the wall,0.2028985507246377,0.1309192200557103,0.45454545454545453
mix_librispeech_10150,5,1.0,it is unintelligible in the dark,it is unintelligent early dark,0.5,0.3125,0.0
mix_librispeech_09576,5,0.5,this has indeed been a harassing day continued the young man his eyes fixed upon his friend,this has until it been a harassing day continued the young man his eyes fixed upon his friend,0.11764705882352941,0.07692307692307693,0.08333333333333333
mix_librispeech_09086,5,0.2,the sight seers returned in high spirits from the city,the site seers returned in high spirits from the city,0.1,0.05555555555555555,0.0
mix_librispeech_08647,5,1.0,he is swiftly punished,he is swiftly punished,0.0,0.0,0.0
mix_librispeech_06619,5,0.5,the vanderpools were sure of this and the englishman instancing india became quite eloquent missus gray was mystified but hardly dared admit it the general trend of the conversation seemed to be that most individuals needed to be submitted to the sharpest scrutiny before being allowed much education and as for the lower races it was simply criminal to open such useless opportunities to them,the vandepools were sure of this and the englishman constance and india became quite eloquent missus gray was mystified but hardly dared it is the general trend of the conversation seemed to be that most individuals needed to be submitted to the sharper scrutiny before being allowed much education and as for the lower races it was simply criminal to open such useless opportunities to them,0.09230769230769231,0.03307888040712468,0.041666666666666664
mix_librispeech_09273,5,0.5,ambrose met me at the bottom of the stairs and showed me the way to the supper room,ambrose met me at the bottom of the stairs and showed me the way to the sub room,0.05555555555555555,0.04819277108433735,0.0
mix_librispeech_03709,5,1.0,i reside in the marais rue de douze portes,i reside in the mountainway who did this point,0.5555555555555556,0.5238095238095238,0.0
mix_librispeech_11984,5,0.1,they were received in the little office by a man named markham who was the jailer,they were received in the little office by a man named markham who was the jailer,0.0,0.0,0.0
mix_librispeech_04849,5,0.1,chapter 7 on the races of man,chapter 7 on the races of man,0.0,0.0,0.0
mix_librispeech_04748,5,1.0,what a box women are put into measured for it and put in young if we go anywhere it is in a box veiled and pinioned and shut in by disabilities,what a saturday soon in the neighborhood in june saturday is you in the summer if we go saturday is in the fox failed and pennied,0.7419354838709677,0.6993006993006993,0.0
mix_librispeech_04268,5,0.4,that summer is emigration however being mainly from the free states greatly changed the relative strength of the 2 parties,that is summer is generation however being mainly from the freestings greatly changed the relative strengths of the 2 parties,0.25,0.09836065573770492,0.0
mix_librispeech_11714,5,0.5,but then the picture was gone as quickly as it came,but then the picture was gone as quickly as it came,0.0,0.0,0.0
mix_librispeech_12348,0,1.0,robin carefully descended the ladder and found himself soon upon firm rocky ground,the raw sugar editedly decent reel ladder and found himself soon on firm rock,0.6923076923076923,0.4024390243902439,0.0
mix_librispeech_08905,0,0.3,hostess replaces lump and inclines empty teapot over tray for a moment then hands him a cup painted brown inside thus deceiving the gentleman with the telescope in the upper circle,postes we replace his lump and incline the empty pod over tray for a moment then hands him and cut page and brown inside thus de seaving the gentleman with the telescope in the upper circle,0.41935483870967744,0.14444444444444443,0.05555555555555555
mix_librispeech_04186,0,1.0,make acquaintance with mister jago sit together,make a quick and smooth knife out,0.8571428571428571,0.6382978723404256,0.1
mix_librispeech_10406,5,0.1,when it is a question of probing a wound a gulf a society since when has it been considered wrong to go too far to go to the bottom,when it is a question of probing a wound a gulf a society since when has it been considered wrong to go through far to go to the bottom,0.034482758620689655,0.03816793893129771,0.0
mix_librispeech_05301,0,0.1,since the period of our tale the active spirit of the country has surrounded it with a belt of rich and thriving settlements though none but the hunter or the savage is ever known even now to penetrate its wild recesses,since the period of our tale the active spirit of the country has surrounded it with a belt of rich and thriving settlements though none but the hunter or the savage has ever known even now to penetrate its wild recesses,0.024390243902439025,0.0091324200913242,0.0
mix_librispeech_02923,5,0.5,her bearing was graceful and animated she led her son by the hand and before her walked 2 maids with wax lights and silver candlesticks,her bearing was graceful and adding she led her son by the hand and before her walked 2 mails with wax lides and silver candlesticks,0.12,0.08148148148148149,0.0
mix_librispeech_06588,5,0.4,but do not these very wise things sometimes turn out very foolishly,but do not these very wise of them sometimes turn out very foolishly,0.16666666666666666,0.1044776119402985,0.045454545454545456
mix_librispeech_01810,0,0.1,mistress fitzooth had been carried off by the sheriff is daughter and her maids as soon as they had entered the house so that robin alone had the care of montfichet,mistress fittuth had been carried off by the sheriff is daughter and her maid as soon as they had entered the house so that robin alone had the car of montfichey,0.12903225806451613,0.036585365853658534,0.0
mix_librispeech_03486,0,0.3,after proceeding a few miles the progress of hawkeye who led the advance became more deliberate and watchful,after proceeding a few miles in the last rest of hawkeye who led the advance became more deliberate and watchful,0.16666666666666666,0.08333333333333333,0.0
mix_librispeech_07419,0,0.3,he quitted the fire and dropped back into his chair,he quitted the fire and dropped it back into his chair,0.1,0.058823529411764705,0.0
mix_librispeech_03141,0,0.2,i was afraid it was nearer home,i was afraid it was nearer home,0.0,0.0,0.0
mix_librispeech_10019,0,0.5,in the communities of the western culture this point is at present found among the lower middle class,in the communities of the western culture this point is at present for the great in the lower middle class,0.2222222222222222,0.1188118811881188,0.0
mix_librispeech_09347,0,1.0,from these again sprang barricaded and fortified dwellings camps and scouting parties finally culminating in roving guerrilla bands half partisan half predatory,from these again sprung barricaded and fortified dwellers absent scout parties finalized culminating in urban guerrilla bands at partisan half partatory,0.4090909090909091,0.175,0.045454545454545456
mix_librispeech_01324,5,0.1,from the same men new regiments and new companies were formed different officers appointed and the whole military force put into such hands as the independents could rely on,from the same men new regiments and new companies were formed different officers appointed and the whole military force put into such hands as the independence could rely on,0.034482758620689655,0.011560693641618497,0.0
mix_librispeech_04312,5,0.3,they pointedly drew back from john jago as he approached the empty chair next to me and moved round to the opposite side of the table,they pointedly drew back from john yago as he approached the image,0.6153846153846154,0.518796992481203,0.0
mix_librispeech_07494,0,1.0,each day has its own great grief or its little care,it just has a graph drawer for it is a whole pile,1.0,0.6470588235294118,0.16666666666666666
mix_librispeech_08702,5,0.4,to those duties you have not yet been called and when you are you will be less eager for celebrity,to those duties you have not yet been called and when you are you will be less eager for celebrity,0.0,0.0,0.0
mix_librispeech_09872,5,0.5,they look something alike you know suggested the captain of the guards looking from one to the other doubtfully and they are nearly the same size if you stand the goat on his hind legs they have both got the same style of whiskers and they are both of em obstinate and dangerous so they ought to make a good patch splendid,they look something alike you know suggested the cat and they are nearly the same size if you stand the goat on the high leg they both got the same style of wisdom and they are both the goat they are obstinate and dangerous so they ought to make a good patch splendid,0.3225806451612903,0.27639751552795033,0.0
mix_librispeech_08691,0,1.0,they were so extremely curious,they were so ready to dream they said you were,1.4,0.8,0.3333333333333333
mix_librispeech_11876,0,0.4,but was that all her reward one of the ladies asked,but she was there i know her reward one of the ladies else,0.45454545454545453,0.3333333333333333,0.25
mix_librispeech_10048,5,0.1,and though i have grown serene and strong since then i think that god has willed a still renewable fear,and though i have grown serene and strong since then i think that god has willed a still renewable fear,0.0,0.0,0.0
mix_librispeech_09580,5,0.5,but you believe in some education asked mary taylor,do you believe in some education as a storyteller,0.4444444444444444,0.2549019607843137,0.07692307692307693
mix_librispeech_10578,5,0.4,to be or not to be that is the question whether tis nobler in the mind to suffer the slings and arrows what no hamlet speaking,to be or not be that is the question whether it is no blur in the mind to suffer the slings and arrows or stood around no hamlet speaking,0.3076923076923077,0.16666666666666666,0.09090909090909091
mix_librispeech_05541,5,0.5,private persons who had leased the free state hotel vainly besought the various authorities to prevent the destruction of their property,private persons who at least the free state hotel vainly be sought the various authorities to present the destruction of their property,0.23809523809523808,0.04411764705882353,0.0
mix_librispeech_11428,5,0.3,2 hours afterwards a terrible shock awoke me,2 hours afterwards a terrible shot of a wope me,0.5,0.13636363636363635,0.02
mix_librispeech_06172,5,0.4,the variability of multiple parts,the variability of multiple parts,0.0,0.0,0.0
mix_librispeech_01540,0,0.5,we moderns however see the absurdity of it,we modernize however see the absurdity of it,0.125,0.07142857142857142,0.0
mix_librispeech_09409,5,0.3,then i long tried by natural ills received the comfort fast while budding at thy sight my pilgrim is staff gave out green leaves with morning dews impearled,then i long tried by natural oils received the comfort fast while budding at that sight my pilgrim is staff gave out green leaves with morning dew and curled,0.17857142857142858,0.07051282051282051,0.0
mix_librispeech_02681,0,0.3,and what sort of evidence is logically possible,and what sort of evidence is logical possible,0.125,0.0425531914893617,0.0
mix_librispeech_12352,0,0.2,0 but i am glad to get this place mowed,0 but i am glad to get this place mold,0.1,0.05128205128205128,0.0
mix_librispeech_11185,0,0.2,she was so strange and human a creature,she was so strange in human accreture,0.375,0.10256410256410256,0.0
mix_librispeech_06313,5,1.0,he worked me very hard he wanted to be beating me all the time,i worked very hard he wanted to be the only one,0.5,0.3548387096774194,0.2
mix_librispeech_01191,5,0.5,this was a formidable array of advantages slavery was playing with loaded dice,this was a formidable array of advantages slavery was planned for a dice,0.23076923076923078,0.16666666666666666,0.0
mix_librispeech_05293,0,0.3,the 3 modes of management,the 3 modes of management,0.0,0.0,0.0
mix_librispeech_01542,5,0.4,in the debate between the senior societies her defense of the 15th amendment had been not only a notable bit of reasoning but delivered with real enthusiasm,in the debate all the senior societies heard a fence of the 15th amendment have been not only notable bit of reasoning but delivered with real enthusiasm,0.2222222222222222,0.10256410256410256,0.038461538461538464
mix_librispeech_11493,5,1.0,footnote sumner to shannon may 12th 1856,that is what we are moved so i am here to channel,1.7142857142857142,0.975,0.07142857142857142
mix_librispeech_11516,0,0.5,thinks i to myself i never seen anything osh popham could not mend if he took time enough and glue enough so i carried this little feller home in a bushel basket one night last month an i have spent 11 evenin is puttin him together,i think side of myself if you took time enough and blew enough they tell us if you took time enough and blew enough they tell us i care this little fellow home and a bush will basket one night last week if the count were on us men of the draft and even in putting him together,0.8695652173913043,0.5238095238095238,0.38461538461538464
mix_librispeech_07056,0,1.0,his wife now lies beside him and the white shaft that marks their graves gleams across the wheat fields,it is very hard now that it is decided and the 5 miss shot the 5 miss very very very very very very very very very very very very very very very very very very very very very very very very very very very very very very very very very very very very very very very very very very very very very very very very very very very very very very very very very very very very very very very very very very very very very very very very very very very very very very very very very very very very very very very very very very very very very very very very very very very very very very very very very very very very very very very very very very very very very very very very very very very very very very very very very very very very very very very very very very very very very very very very very very very very very very very very very very very very very very very very very very very very very very very very very very very very very very very very very very very very very very very very very very very very very very very very very very very very very very very very very very very very very very very very very very very very very very very very very very very very very very very very very very very very very very very very very very very very very very very very very very very very very very very very very very very very very very very very very very very very very very very very very very very very very very very very very very very very very very very very very,15.526315789473685,13.844660194174757,0.1
mix_librispeech_02539,0,0.3,sometimes he thought he would like to stand in a conspicuous pulpit and humbly preach the gospel of repentance and it even crossed his mind that it would be noble to give himself to a missionary life to some benighted region where the date palm grows and the nightingale is voice is in tune and the bul bul sings on the off nights,sometimes the block would block the man it can spish his pulpit and humbly preach the gospel of repentance and it even crosses mind that it would be noble to get the same to my mary life to some benigned region where the date palm grows night mulls and mulls and mulls and the bull bull sings on the off nights,0.4444444444444444,0.2515151515151515,0.25
mix_librispeech_00953,5,0.2,at noon the violence of the storm redoubles,at noon the violence of the storm redoubles,0.0,0.0,0.0
mix_librispeech_07241,5,0.4,that is all quite true mister neverbend said sir ferdinando brown,that is all quite true mister never been said sir ferdinand 0 brown,0.36363636363636365,0.07692307692307693,0.0
mix_librispeech_06731,5,0.2,bragelonne watched for some time the conduct of the 2 lovers listened to the loud and uncivil slumbers of manicamp who snored as imperiously as though he was wearing his blue and gold instead of his violet suit,brayla on watched for some time the conduct of the 2 lovers listened to the loud and unstable slumbers of manacamp who snored as empirously as though he was wearing his blue and gold instead of his violet suit,0.13157894736842105,0.07142857142857142,0.0
mix_librispeech_04846,0,0.1,in the supposed depths of this dialog the neo platonists found hidden meanings and connections with the jewish and christian scriptures and out of them they elicited doctrines quite at variance with the spirit of plato,in the supposed depths of this dialog the neoplatonists found hidden meanings in connections with the jewish and christian scriptures and out of them they elicited doctrines to create their variants with the spirit of plato,0.19444444444444445,0.0779816513761468,0.0
mix_librispeech_06801,5,0.4,they then renewed their journey and under the better light made a safe crossing of the stable roofs,they then renewed their journey and under better light made a safe crossing of the state of the roofs,0.2222222222222222,0.12121212121212122,0.0
mix_librispeech_08010,5,0.4,they of course must all be altered,they of course let us all be often,0.42857142857142855,0.29411764705882354,0.0
mix_librispeech_04330,5,0.5,broad as the prairies and free in thought as the winds that sweep them he is idiosyncratically opposed to loose and wasteful methods to plans of empire that neglect the poor at the gate,brought as the prairies and freeing thought as the winds that swept them he is idiosyncratically opposed to loose and wasteful methods the planks of empire that neglect the poor at the gate,0.17647058823529413,0.05945945945945946,0.0
mix_librispeech_08924,5,0.3,and he leaned against the wall lost in reverie,and he leaned against the wall lost in my way,0.2222222222222222,0.15217391304347827,0.03225806451612903
mix_librispeech_05334,5,0.1,i pass away yet i complain and no one hears my voice,i pass away yet i complain and no one hears my voice,0.0,0.0,0.0
mix_librispeech_07330,0,1.0,if i go to meeting at all i like best to sit in the quiet old house in germantown where the windows are all open and i can see the trees and hear the stir of the leaves,i like best sit climbing vital tasks and your contacts time knows what all of my mental health injuries and share the stern leaves,0.7894736842105263,0.6130952380952381,0.05
mix_librispeech_09348,5,0.2,nor was rodolfo less surprised than they and the better to assure himself of so wonderful a fact he begged leocadia to give him some token which should make perfectly clear to him that which indeed he did not doubt since it was authenticated by his parents,nor was redolf less surprised than they and the better to assure himself of so wonderful effect he begged locadia to give him some token which should make perfectly clear to him that which indeed he did not doubt since it was authenticated by his parents,0.0851063829787234,0.0234375,0.0
mix_librispeech_04729,5,0.3,but you believe in some education asked mary taylor,do you believe in some education ask for my retailer,0.5555555555555556,0.2549019607843137,0.0
mix_librispeech_11486,5,0.2,then you can ask him questions on the catechism dedalus,then you can ask him questions on the cataclysm deadelist,0.2,0.12727272727272726,0.0
mix_librispeech_06541,5,0.2,the mother herself as if the red ignominy were so deeply scorched into her brain that all her conceptions assumed its form had carefully wrought out the similitude lavishing many hours of morbid ingenuity to create an analogy between the object of her affection and the emblem of her guilt and torture,the mother herself as if the red ignominy were so deeply squirted to her brain that all her conceptions assumed its form it could carefully wrought out the similitude lavishing many hours of morbid ingenuity to create an analogy between the object of her affection and the emblem of her guilt and torture,0.07692307692307693,0.046511627906976744,0.0
mix_librispeech_11174,5,0.5,let him come in then said the king and as if colbert had been listening at the door for the purpose of keeping himself au courant with the conversation he entered as soon as the king had pronounced his name to the 2 courtiers,let him come in then of the king and as if colbert had been listening at the door for the purpose of keeping himself awkarant with the conversation he entered as soon as the king had pronounced his name to the 2 courtiers,0.06818181818181818,0.04,0.0
mix_librispeech_05305,0,0.5,tea please matthews butler impassively,t please matthew is,0.8,0.5,0.0
mix_librispeech_05161,0,1.0,the man of the household also can do something in this direction and indeed he commonly does but with a still lower descent into the levels of indigence along the margin of the slums the man and presently also the children virtually cease to consume valuable goods for appearances and the woman remains virtually the sole exponent of the household is pecuniary decency,the man of battle will forgive something that is not in the end of the war they drew back a little from the war they drew back a little from the end of the war they drew back a little from the end of the war they drew back a little from the sword they drew back a little from the sword they drew back a little from the sword they drew back a little from the sword they drew back a little from the sword they drew back a little from the sword they drew back a little from the sword they drew back a little from the sword they drew back a little from the sword they drew back a little from the sword they drew back a little from the sword they drew back a little from the sword they drew back a little from the sword they drew back a little from the sword they drew back a little from the sword they drew back a little from the sword they drew back a little from the sword they drew back a little from the sword they drew back a little from the sword they drew back a little from the sword they drew back a little from the sword they drew back a little from the sword they drew back a little from the sword they drew back a little from the sword they drew back a little from the sword they drew back a little from the sword they drew back a little from the sword they drew back a little from the sword they drew back a little from the sword they drew back a little from the sword they drew back a little from the sword they drew back a little from the sword they drew back a little from the sword they drew back a little from the sword they drew back a little from the sword they drew back a little from the sword they drew back a little from the sword they drew back a little from the sword they drew back a little from the sword they drew back a little from the sword they drew back a little from the sword they drew back a little from the sword they drew back a little from the sword they drew back a little from the,6.079365079365079,4.451086956521739,0.5
mix_librispeech_07860,0,0.5,yes but the meridian of the palais royal is the most exact,yes and put them really nice the palae royale is the most amazing,0.6666666666666666,0.41379310344827586,0.02631578947368421
mix_librispeech_02156,5,0.3,nemo builds a fabulous futuristic submarine the nautilus then conducts an underwater campaign of vengeance against his imperialist oppressor,nemo builds a fabulous futuristic submarine the non alist then conducts an underwater campaign of vengeance against his imperialist oppressor,0.10526315789473684,0.04285714285714286,0.0
mix_librispeech_01062,0,0.4,we were more interested in the technical condition of the station than in the commercial part,we were more interested in a full out condition of the station at pace and in the commercial part,0.375,0.21505376344086022,0.1875
mix_librispeech_10808,0,0.4,when she perceived the young man she rose like a woman surprised in the midst of ideas she was desirous of concealing from herself,when she perceived the young man she rose like a woman surprised in a midst of ideas she was desirous at feeling from herself,0.125,0.07692307692307693,0.0
mix_librispeech_01167,5,0.1,forgetting all their weariness they seized their candles and scurried through the house finding an occasional paper tucked away in some odd corner,forgetting all their wearingess they seized their candles and streed through the house finding on occasion paper tucked away in some odd corner,0.17391304347826086,0.0547945205479452,0.0
mix_librispeech_11414,0,0.2,then she gave rosalie back her magic ring thanking the kind witch for all she had done for them,then she gave rose lead back her magic ring thank you for the time which for all she had done,0.47368421052631576,0.28421052631578947,0.0
mix_librispeech_03636,5,0.4,by his resurrection christ won the victory over law sin flesh world devil death hell and every evil,by his resurrection christ won the victory over law sin flesh world devil death hell and every evil,0.0,0.0,0.0
mix_librispeech_07651,5,0.4,relocated footnote governor robinson being on his way east the steamboat on which he was traveling stopped at lexington missouri,relocated footnote governor robinson being on his way east the steamboat on which he was traveling stopped at lexington missouri,0.0,0.0,0.0
mix_librispeech_05588,0,1.0,i entered and i took you into my confidence as to the suggestions of the side table,by entered and i took you into my confidence as to the suggestions of the side table,0.058823529411764705,0.024096385542168676,0.0
mix_librispeech_11130,0,0.5,during his watch i slept,hearing his watch i slept,0.2,0.125,0.0
mix_librispeech_07192,0,0.1,make acquaintance with mister jago sit together,make a quaint and smith missed yago sit together,0.8571428571428571,0.19148936170212766,0.0
mix_librispeech_04491,0,0.2,it is also noticeable that the serviceability of consumption as a means of repute as well as the insistence on it as an element of decency is at its best in those portions of the community where the human contact of the individual is widest and the mobility of the population is greatest,it is also noticeable that the possibility of consumption as a means of repute as well as the insistence on its development of decency is that it is best in those portions of the community more contact of the individual is widest and the mobility of the population is greatest,0.20754716981132076,0.10801393728222997,0.0
mix_librispeech_07266,0,1.0,the crampness and the poverty are all intended,the crampness in the poverty we are all intended,0.25,0.10869565217391304,0.0
mix_librispeech_11332,5,0.4,i thank all who have loved me in their hearts with thanks and love from mine,i think all who love g in their hearts with thanks my love from mine,0.3125,0.15789473684210525,0.03571428571428571
mix_librispeech_04980,0,0.2,not for a crown or a kingdom or our goodness but for our sins,not for a crown or a kingdom or our goodness before our sins,0.14285714285714285,0.06557377049180328,0.0
mix_librispeech_08335,0,0.4,forgetting all their weariness they seized their candles and scurried through the house finding an occasional paper tucked away in some odd corner,forgetting all their wearyness the rest of the rest of the rest of the rest of the rest of the rest of the rest of the rest of the rest of the rest of the rest of the rest of the rest of the rest of the rest of the rest of the rest of the rest of the rest of the rest of the rest of the rest of the rest of the rest of the rest of the rest of the rest of the rest of the rest of the rest of the rest of the rest of the rest of the rest of the rest of the rest of the rest of the rest of the rest of the rest of the rest of the rest of the rest of the rest of the rest of the rest of the rest of the rest of the rest of the rest of the rest of the rest of the rest of the rest of the rest of the rest of the rest of the rest of the rest of the rest of the rest of the rest of the rest of the rest of the rest of the rest of the rest of the rest of the rest of the rest of the rest of the rest of the rest of the rest of the rest of the rest of the rest of the rest of the rest of the rest of the rest of the rest of the rest of the rest of the rest of the rest of the rest of the rest of the rest of the rest of the rest of the rest of the rest of the rest of the rest of the rest of the rest of the rest of the rest of the rest of the rest of the rest of the rest of the rest of the rest of the rest of the rest of the rest of the rest of the rest of the rest of the rest of the rest of the rest of the rest of the rest of the rest of the rest of the rest of the rest of the rest of the rest of the rest of the rest of the rest of the rest of the rest of the rest of the rest of the rest of the rest of the rest of the rest of the rest of the rest of the rest of the rest of the rest of the rest of the rest of the rest of the rest of the rest of the rest of the rest of the rest,19.0,11.554794520547945,0.0
mix_librispeech_12436,5,0.3,fitzooth is hand rested at last upon the top rung of a ladder and slowly the truth came to him,fizzuth is hand rested at last upon the top run of a ladder and slowly the truth came to him,0.1,0.0425531914893617,0.0
mix_librispeech_11769,5,0.3,and they are all in for this examination yes,and they are all in for this examination yes,0.0,0.0,0.0
mix_librispeech_04946,5,0.1,it seems to me i replied that such approval such ratification of the opinion expressed by the king the princes of the blood et cetera is rather a proof of the affection felt for them by the nation for the french carry that affection to such an extent that they believe them infallible,it seems to me i replied that is a removal such ratification of the opinion expressed by the king the princes of the blood etc is rather a proof of the affection do not pour them by the nation for the french carry that affection to such an extent that they believe them infallible,0.1509433962264151,0.07394366197183098,0.0
mix_librispeech_02782,5,0.1,burn fire burn flicker flicker flame,burn fire burn flicker flicker flame,0.0,0.0,0.0
mix_librispeech_00717,0,0.2,if for a whim you beggar yourself i cannot stay you,if for when you begger yourself i cannot stitch you,0.36363636363636365,0.17647058823529413,0.0
mix_librispeech_10011,5,1.0,it was written in latin,it was written there right there,0.6,0.6521739130434783,0.0
mix_librispeech_02502,5,0.3,missus griffin however expressed the need for a little more light,this is griffin however expressed the need for a little more light,0.18181818181818182,0.06153846153846154,0.0
mix_librispeech_04360,5,0.3,munny my iron is twite told pease put it down to warm,money my iron is tright told let me put it down to me why are not,0.6666666666666666,0.39622641509433965,0.0
mix_librispeech_04171,5,0.5,the bogus legislature numbered 36 members,the bogus legislature numbered 36 members,0.0,0.0,0.0
mix_librispeech_08082,5,0.3,after that it was easy to forget actually to forget,after that it was easy to forget actually to forget,0.0,0.0,0.0
mix_librispeech_12199,5,0.5,a little attack of nerves possibly,a little attached of nerves,0.3333333333333333,0.35294117647058826,0.0
mix_librispeech_00395,5,0.2,the lodge in which uncas was confined was in the very center of the village and in a situation perhaps more difficult than any other to approach or leave without observation,the lodge in which ongkis was confined was in the center of the village and in a situation perhaps more difficult than any other to approach or leave without observation,0.06451612903225806,0.05202312138728324,0.0
mix_librispeech_07186,5,0.3,how you may be wondering are you to begin your masterpiece,how you may be wondering are you to begin your masterpiece,0.0,0.0,0.0
mix_librispeech_12276,5,0.2,i do not always succeed for sometimes when i am teaching or sewing i would rather be reading or writing but i try to deny myself and my father is approbation amply rewarded me for the privation,i do not always succeed for sometimes when i am teaching or sewing i would rather be really relating but i try to deny myself and my father is observation amply rewarded me for the provision,0.13513513513513514,0.09326424870466321,0.0
mix_librispeech_04492,0,0.3,he stood a moment bewildered then turned and rushed upon the island a great sheet of dazzling sunlight swept the place and beneath lay a mighty mass of olive green thick tall wet and willowy,he stood a moment be wooled or doubted and turned and rushed upon the island a great sheet of dazzling sunlight swept the place and beneath lay a mighty mass of olive green a beskush wet and willowy,0.2,0.13157894736842105,0.05263157894736842
mix_librispeech_01365,0,1.0,i can afford to smile because i am absolutely powerless before you but i do not the less feel that in a matter in which the progress of the world is concerned i or rather we have been put down by brute force,i can report to small as i am absolutely tired before you but i do not feel that in a matter of which the progress of the world is good i rather we have been put down by the works,0.2558139534883721,0.2222222222222222,0.0
mix_librispeech_11904,5,0.3,but i stayed that spring and built me a boat,but i stayed there to bring in built me a boat,0.4,0.20454545454545456,0.1
mix_librispeech_08787,5,0.4,are not you splashed look at the spider webs all over the grass,are not you splash look at the spider whebs all over the grass,0.15384615384615385,0.047619047619047616,0.0
mix_librispeech_05917,5,0.3,hello bertie any good in your mind,i am bad he can not get in your mind,1.0,0.5,0.0
mix_librispeech_04968,5,0.5,by degrees all his happiness all his brilliancy subsided into regret and uneasiness so that his limbs lost their power his arms hung heavily by his sides and his head drooped as though he was stupefied,by degrees all his brilliance all his brilliance subsided into regret and uneasiness so that his limbs lost their power his arms hung heavily by his sides and his head was crept as though he was stupified,0.1388888888888889,0.0945273631840796,0.0
mix_librispeech_02914,5,0.4,well as i say it is an awful queer world they clap all the burglars into jail and the murderers and the wife beaters i have allers thought a gentle reproof would be enough punishment for a wife beater cause he probably has a lot 0 provocation that nobody knows and the firebugs can not think 0 the right name something like cendenaries an the breakers 0 the peace an what not an yet the law has nothin to say to a man like hen lord,well as i say it is an awful queer world they clap all the burglars and jail in the murderers and the white feeders i all are thought a general reproof would be enough punishment for a white feeder because he probably has a lot of provocation that nobody knows and the firebugs can not think of the right name something like 70 areas and the breakers of the peace and whatnot and yet the law has nothing to say to a man like hand lord,0.2558139534883721,0.1136890951276102,0.2
mix_librispeech_10518,5,0.3,the wharves of brooklyn and every part of new york bordering the east river were crowded with curiosity seekers,the warves of brooklyn and every part of new york border in the east river were crowded with curiosity seekers,0.15789473684210525,0.02702702702702703,0.038461538461538464
mix_librispeech_05644,0,0.3,so it seems to me,so it seems to me,0.0,0.0,0.0
mix_librispeech_03766,5,0.4,surely it must be because we are in danger of loving each other too well of losing sight of the creator in idolatry of the creature,surely it must be because we are in danger of loving each other too well of losing sight of the creator and idolatry of the creature,0.038461538461538464,0.015267175572519083,0.0
mix_librispeech_03440,5,0.4,but observe you can only do this on one condition that of striving also to create in reality the beauty which you seek in imagination,but it is observed of motherly do this on one condition that of striving also to create in reality and she nebuted which you seek in imagination,0.32,0.18045112781954886,0.25
mix_librispeech_07357,5,0.3,i will do anything you wish me to bartley she said tremulously,i will do anything you wish me to bartley she said tremulously,0.0,0.0,0.0
mix_librispeech_06806,5,0.4,the more she is engaged in her proper duties the less leisure will she have for it even as an accomplishment and a recreation,the more she is engaged in her proper duties the less the her will she have for it so it has been as an accomplishment for the recreation,0.3333333333333333,0.192,0.04
mix_librispeech_09879,0,1.0,to the young american here or elsewhere the paths to fortune are innumerable and all open there is invitation in the air and success in all his wide horizon,the young man who is the required for our health care has to forge it and refuse to request a little politely there is an invitation there for free space to request most polite rise,1.0689655172413792,0.6730769230769231,0.36363636363636365
mix_librispeech_02143,0,0.4,there was something in his carriage which resembled the buoyant movements of an immortal and he did not dance so much as seem to soar along,there was something in his carriage which resembled the buoyant of the non subinar system and he did not dance so much as it was as him to soar along,0.34615384615384615,0.22302158273381295,0.0
mix_librispeech_05104,5,1.0,drunkenness and the other pathological consequences of the free use of stimulants therefore tend in their turn to become honorific as being a mark at the 2nd remove of the superior status of those who are able to afford the indulgence,the grandrings and the other pathological consequences of the 3 years of stimulants therefore tend to be counter ethnic and being a mark at the 2nd group of the superior status of those who are able to explore its key diligence,0.3902439024390244,0.2564102564102564,0.0
mix_librispeech_05073,5,0.2,little by little however the latter became hemmed and bound in the meshes of the various devices and proceedings which the territorial officials evolved from the bogus laws,little by little however the latter became himden bounty in the meshes of the various devices and proceedings which the territorial officials evolved from the bogus laws,0.10714285714285714,0.046511627906976744,0.0
mix_librispeech_01571,0,0.4,and the men of israel answered the men of judah and said we have 10 parts in the king and we have also more right in david than ye why then did ye despise us that our advice should not be 1st had in bringing back our king,and the men of israel answered the men of jerusalem and said and she filled we have 10 parts in the king and we have also more right in david than ye why then did ye despise us that our advice which they not be faced with had only in the king or in the king,0.2916666666666667,0.2579185520361991,0.13636363636363635
mix_librispeech_04079,5,0.1,it was the 1st great sorrow of his life it was not so much the loss of the cotton itself but the fantasy the hopes the dreams built around it,it was the 1st great sorrow of his life it was not so much the loss of the cotton itself but the fantasy the hopes the dreams built around it,0.0,0.0,0.0
mix_librispeech_01122,0,0.2,it is almost beyond conjecture,it is almost beyond conjecture,0.0,0.0,0.0
mix_librispeech_02786,5,0.1,it is really too warm in this room to sing do not you feel it,it is really too warm in this room to sing do not you feel it,0.0,0.0,0.0
mix_librispeech_02967,0,0.2,you will find me continually speaking of 4 men titian holbein turner and tintoret in almost the same terms,you will find me continually speaking of foreman titian holbein turner and tintarat and almost the same times,0.2631578947368421,0.11320754716981132,0.0
mix_librispeech_02504,0,0.2,said the fir tree thinking over what he had himself related,so the fur tree thinking over what he had himself,0.2727272727272727,0.2033898305084746,0.0
mix_librispeech_05988,5,0.4,let us hear the suspicions i will look after the proofs,let us see the visions i will look after the proofs,0.18181818181818182,0.14545454545454545,0.0
mix_librispeech_11657,5,0.5,you would not eat with us you cannot say no to half of my ale i drink this to your health,you would not eat with us you cannot say no to half of my a i drink this to your health,0.047619047619047616,0.02247191011235955,0.0
mix_librispeech_08867,0,1.0,paul takes pride in his ministry not to his own praise but to the praise of god,paul takes pride in his ministry not to his own parents back to the praise of god,0.11764705882352941,0.10126582278481013,0.0
mix_librispeech_11000,0,1.0,i have come to your shores mister president with the purpose of seeing how things are progressing in this distant quarter of the world,i have come to your showers mister president with the purpose of seeing no fans are progress in this disorder of the world,0.25,0.14925373134328357,0.0
mix_librispeech_07164,5,0.2,at the head of the pinkies were ghip ghisizzle and button bright who had the parrot on his shoulder and they were supported by captain coralie and captain tintint and rosalie the witch,at the head of the pinkies were githcuses of the lifeland but in bright who had the parrot on his shoulder and there was the ported by captain coralie and captain 10 tent and rosalie the witch,0.36363636363636365,0.17391304347826086,0.0
mix_librispeech_11540,5,1.0,anyone in the room could get out yes sir,anyone on the room should get out yes sir,0.2222222222222222,0.075,0.0
mix_librispeech_00728,0,0.5,though i may be but an ungracious adviser you will allow me therefore to subscribe myself with the best wishes for your happiness here and hereafter your true friend robert southey,so i made fireplay and i am gracious to live with you you will allow me therefore to subscribe myself with the best wishes for happiness here and here after robert sothe,0.5483870967741935,0.3277777777777778,0.0
mix_librispeech_07587,5,0.4,do not insult me stanley by talking again as you did this morning,do not insult me stanley by talking again at you this morning,0.15384615384615385,0.07692307692307693,0.0
mix_librispeech_07543,5,0.5,4 or 5 of the latter only lingered about the door of the prison of uncas wary but close observers of the manner of their captive,4 or 5 of the water only lingered about the door of the prison of office where he but close observers of the manner of their captives,0.19230769230769232,0.1171875,0.0
mix_librispeech_00412,0,0.4,they informed the english parliament of this unexpected incident and assured them that they had entered into no private treaty with the king,they informed the english parliament that this unexpected incident and assured them that they had entered into no private treaty with the king,0.043478260869565216,0.02857142857142857,0.0
mix_librispeech_11338,0,0.2,this happened every year and the young fir tree that had now grown to a very comely size trembled at the sight for the magnificent great trees fell to the earth with noise and cracking the branches were lopped off and the trees looked long and bare they were hardly to be recognized and then they were laid in carts and the horses dragged them out of the wood,this happened every year and the unferred tree that had now grown to a very commonly sized tree for the magnificent great trees fell to the earth with noise and cracking the branches were lost off and the trees looked long and bare they were hardly to be recognized and then they were laid in carts and the horses were riding,0.21739130434782608,0.1615598885793872,0.0
mix_librispeech_09708,5,0.5,i got in about 10 minutes ago,i got in about 10 minutes ago,0.0,0.0,0.0
mix_librispeech_05745,0,0.4,but the bear instead of obeying maintained the seat it had taken and growled,but the bear instead of obeying the intain of the seed of the takin and growing,0.5714285714285714,0.23684210526315788,0.0
mix_librispeech_07668,0,0.3,while the former foretold that the scottish covenanters were secretly forming a union with the english parliament and inculcated the necessity of preventing them by some vigorous undertaking the latter still insisted that every such attempt would precipitate them into measures to which otherwise they were not perhaps inclined,while the former foretold that the scottish tavern enters were secretly informing a union with the english parliament and inculcated the necessity of preventing them by some vigorous understanding the latter still insisted that every such attempt would precipitate them into measures to its other ones they were not perhaps inclined,0.14285714285714285,0.05504587155963303,0.0
mix_librispeech_00825,0,0.4,the attendance was unexpectedly large and the girls were delighted foreseeing great success for their fete,the attention is with unexpectedly large and the girls were delighted for seeing great success for their fight,0.375,0.1320754716981132,0.0
mix_librispeech_03267,0,0.1,the terms of grace and peace are common terms with paul and are now pretty well understood,the terms of grace and peace are common terms with paul and are now pretty well understood,0.0,0.0,0.0
mix_librispeech_03974,5,0.3,she was young untried nervous it was a vision of serious duties and little company of really great loneliness,she was young untried nervous it was a vision known serious duties and little company it was a really great loneliness,0.21052631578947367,0.11009174311926606,0.0
mix_librispeech_08808,5,0.4,above all things i desire to settle the matter quietly and discreetly,above all things i deserve to settle the matter quiet and discrete,0.25,0.10144927536231885,0.0
mix_librispeech_08306,5,0.3,but this was what the tree could not bear to hear,but this was what the tree could not bear to hear,0.0,0.0,0.0
mix_librispeech_00417,0,0.4,it is black in misfortune it is blacker still in crime these 2 blacknesses amalgamated compose slang,it is black and it is fortune it is not crystal and crime these 2 blacknesses amalgamated to some post slang,0.5882352941176471,0.24,0.0
mix_librispeech_11261,0,0.3,he might have had that forged check for the face of it if he had been sharp,he might have had that porch check for the face of it if he had been sharp,0.058823529411764705,0.05333333333333334,0.0
mix_librispeech_09817,5,0.2,i see a crowd in one corner of the garden everybody standing still and looking up,i see a crowd in one corner of the garden everybody standing still on looking up,0.0625,0.024691358024691357,0.0
mix_librispeech_06748,0,0.3,and meantime i know the greatness of jehovah i acknowledge the perfection of his word i adore the purity of the christian faith my theory is right my practice horribly wrong,and meantime i know the greatness of jehovah i acknowledge the perfection of his word i adore the purity of the christian faith my theory is right my practice is really long,0.0967741935483871,0.046242774566473986,0.0
mix_librispeech_08967,5,0.3,will the hurons hear his groans,will the hurrens hear his groans,0.16666666666666666,0.06451612903225806,0.0
mix_librispeech_11088,5,0.1,a feeling of freedom and i was awake where,a feeling of freedom and i was awake where,0.0,0.0,0.0
mix_librispeech_12057,5,0.5,by degrees all his happiness all his brilliancy subsided into regret and uneasiness so that his limbs lost their power his arms hung heavily by his sides and his head drooped as though he was stupefied,by degrees all his happiness all his brilliance subsided into regret and uneasiness so that his limbs lost their power his arms hung heavily by his sides and his head grouped as though he was stupified,0.08333333333333333,0.01990049751243781,0.0
mix_librispeech_02082,0,0.5,onward said a distant voice,on where you set a distance voice,1.0,0.48148148148148145,0.0
mix_librispeech_08945,0,0.5,he must descend with his heart full of charity and severity at the same time as a brother and as a judge to those impenetrable casemates where crawl pell mell those who bleed and those who deal the blow those who weep and those who curse those who fast and those who devour those who endure evil and those who inflict it,he must descend with his heart full of care do anything you would be too barley do the same time as a brother and as a judge 2 those impenetrable casemates who are called do anything you would be too barley do those who deal the blow those who reap in those who curse those who fast and those who do anything you would be too barley do the same thing you would be too barley do the same thing you would be too barley do the same thing you would be too barley do the same thing you would be too barley do the same thing you would be too barley do the same thing you would be too barley do the same thing you would be too barley do the same thing you would be too barley do the same thing you would be too barley do the same thing you would be too barley do the same thing you would be too barley do the same thing you would be too barley do the same thing you would be too barley do the same thing you would be too barley do the same thing you would be too barley do the same thing you would be too barley do the same thing you would be too barley do the same thing you would be too barley do the same thing you would be too barley do the same thing you would be too barley do the same thing you would be too barley do the same thing you would be too barley do the same thing you would be too barley do the same thing you would be too barley do the same thing you would be too barley do the same thing you would be too barley do the same thing you would be too barley do the same thing you would be too barley do the same thing you would be too barley do the same thing you would be too barley do the same thing you would be too barley do the same thing you would be too barley do the same thing you would be too barley do the same thing you would be too barley do the same thing you would be too barley do the same thing you would be too barley do the same thing,5.774193548387097,4.903125,0.2727272727272727
mix_librispeech_10738,0,0.5,well now ennis i declare you have a head and so has my stick,well no and this i declare you have a head and so has my stick,0.21428571428571427,0.1,0.0
mix_librispeech_03373,0,1.0,as the chaise drives away mary stands bewildered and perplexed on the door step her mind in a tumult of excitement in which hatred of the doctor distrust and suspicion of her mother disappointment vexation and ill humor surge and swell among those delicate organizations on which the structure and development of the soul so closely depend doing perhaps an irreparable injury,as the chase drives away,0.9354838709677419,0.936,0.0
mix_librispeech_05726,0,0.3,liter roughly one quart,leader roughly one quote,0.5,0.2608695652173913,0.0
mix_librispeech_04107,0,0.5,ojo became a bit uneasy at this for he had already put quite a lot of the cleverness powder in the dish but he dared not interfere and so he comforted himself with the thought that one cannot have too much cleverness,ojo became a bit uneasy at this for he had already put quite a lot of the cleverness powder in the dish but he dared not mention fear and so he comforted himself with the thought that one cannot have too much cleverness,0.047619047619047616,0.037037037037037035,0.0
mix_librispeech_10636,0,1.0,will the hurons hear his groans,well the truth is how many,0.8333333333333334,0.5161290322580645,0.0
mix_librispeech_04380,5,0.2,he would be like a philologist refusing to examine a fact in language a philosopher hesitating to scrutinize a fact in humanity,he would be like a phyologist refusing to examine a fact in language if a law author hesitating to scrutinize a fact in humanity,0.18181818181818182,0.11023622047244094,0.0
mix_librispeech_07723,0,1.0,so those offices which are by right the proper employment of the leisure class are noble such as government fighting hunting the care of arms and accouterments and the like in short those which may be classed as ostensibly predatory employments,so those offices which are right the proper employment of the leisure cars are noble which says government fighting sending them if they are arms and a good one and they are out in short those which made a cast are ostensibly predatory in theories,0.5121951219512195,0.25,0.030303030303030304
mix_librispeech_01066,0,0.4,here go and get me change for a louis i have it sir,yeah we will not get me changed for a louis i have,0.5384615384615384,0.39215686274509803,0.0
mix_librispeech_03913,0,0.3,no no no totty ud get her feet wet said missus poyser carrying away her iron,no no no toddied get her feet wet,0.5625,0.618421052631579,0.0
mix_librispeech_05536,5,1.0,is not he splendid cried jasper in intense pride swelling up father knew how to do it,it is an exclusive hybrid jasper and intense pride not only that father knew how to do it,0.5294117647058824,0.3764705882352941,0.0
mix_librispeech_08002,5,1.0,we are traveling replied ojo and we stopped at your house just to rest and refresh ourselves,we are testing for plano jones and we are testing for plano jones,0.8235294117647058,0.6304347826086957,0.034482758620689655
mix_librispeech_05387,5,0.1,while the old gold and the marble stays forever gleaming its soft strong blaze calm in the early evening glow,while the old gold and the marble stays forever gleaming is soft strong blaze calm and early even glow,0.2,0.08256880733944955,0.0
mix_librispeech_05732,5,0.2,but now nothing could hold me back,but now nothing could hold me back,0.0,0.0,0.0
mix_librispeech_11690,0,0.2,the chair was empty but he knew,the chair was empty but he knew,0.0,0.0,0.0
mix_librispeech_02738,5,0.3,nay i rather thrilled distrusting every light that seemed to gild the onward path and feared to overlean a finger even,nay if i rather thrilled this was a thing every light that seemed to gill be unwelding and fit overleads and from a finger even,0.6190476190476191,0.3389830508474576,0.25
mix_librispeech_05052,5,0.2,you see i have lived all my life with unc nunkie the silent one and there was no one to tell me anything,you see i have lived all my life without nunkie the silent one and there was no one to tell me anything,0.08695652173913043,0.028846153846153848,0.0
mix_librispeech_04000,0,1.0,there is of course a difference between knowing the temporal relation of a remembered event to the present and knowing the time order of 2 remembered events,when it comes to the voice a difference between knowing the temperature of 28 meters of the air to the perfect and no one of the pioneers of 2 remains in the air,0.8518518518518519,0.47435897435897434,0.13636363636363635
mix_librispeech_09760,0,0.5,control yourselves my dears replied the boolooroo the worst punishment i know how to inflict on anyone this prisoner is about to suffer you will see a very pretty patching my royal daughters,control yourselves in my dear i know how to inflict on anyone you will see a very pretty patching,0.5151515151515151,0.5157894736842106,0.0
mix_librispeech_02427,5,0.3,everything he has done has been aimed at the conservation of energy the contraction of space the intensification of culture,everything he has done has been aimed at the conservation of energy the contraction of space the intensification of culture,0.0,0.0,0.0
mix_librispeech_11938,0,1.0,the rector paused and then shaking his clasped hands before him went on,but the director pauses the damn thing shaking his clasp can do that but rising sign on,1.0,0.5352112676056338,0.09523809523809523
mix_librispeech_06833,0,0.2,robin entered the hut dragging the unwilling esquire after him,robin entered the hut dragging the unwilling s quire after him,0.2,0.03225806451612903,0.0
mix_librispeech_10123,0,0.1,he weighed and reweighed the meter plates and pursued every line of investigation imaginable but all in vain,he weighed and re waved the meter plates and pursued every line of investigation imaginable but all in vain,0.1111111111111111,0.046296296296296294,0.0
mix_librispeech_01687,0,0.3,0 little cloud the virgin said i charge thee to tell me why thou complainest now when in one hour thou fade away then we shall seek thee but not find ah thel is like to thee,a little cloud the virgin said i charged the positive why thou complainous now when he was one hour thou fade away then we shall seek thee but not positive aphel is like to thee,0.32432432432432434,0.17341040462427745,0.3333333333333333
mix_librispeech_00851,0,0.5,we will deal with them later what,we will take you with them later,0.42857142857142855,0.36363636363636365,0.0
mix_librispeech_11738,0,0.1,the english it is evident had they not been previously assured of receiving the king would never have parted with so considerable a sum and while they weakened themselves by the same measure have strengthened a people with whom they must afterwards have so material an interest to discuss,the english it is evident had they not been previously assured of receiving the king would never have parted with so considerable as some while they weakened themselves by the same measure have strengthened a people with whom they must afterwards have so material and interest to disguise,0.10204081632653061,0.034722222222222224,0.0
mix_librispeech_06303,5,0.2,thank you rachel my cousin rachel my only friend,thank you rachel my cousin rachel my only friend,0.0,0.0,0.0
mix_librispeech_09087,0,1.0,open thy heart wide and fold within the wet wings of thy dove,open the door and fold with it the wet wings of the light,0.5384615384615384,0.29508196721311475,0.15384615384615385
mix_librispeech_05878,0,0.3,at noon the violence of the storm redoubles,fet new and the violence of the storm redouble,0.5,0.18604651162790697,0.058823529411764705
mix_librispeech_08527,0,0.1,but not more than what is in the bible aunt said dinah,but not more than what is in the bible and sedina,0.25,0.12962962962962962,0.02857142857142857
mix_librispeech_02839,5,0.4,a little bit of plaster tumbled down the chimney and startled me confoundedly,a little bit of plaster girl down the chimney and startled her knee exactly,0.3076923076923077,0.23376623376623376,0.13333333333333333
mix_librispeech_11279,5,1.0,the proof was in 3 long slips i had left them all together,the proof was in 3 long slips i had left them all together,0.0,0.0,0.0
mix_librispeech_04611,0,0.1,venice,venice,0.0,0.0,0.0
mix_librispeech_09540,5,0.3,you resemble me rachel you are fearless and inflexible and generous,you resemble me rachel you are fearless and inflexible and generous,0.0,0.0,0.0
mix_librispeech_09207,0,0.4,yes said rachel,yes said rachel,0.0,0.0,0.0
mix_librispeech_11008,5,0.1,she taught her daughter then by her own affection for it that love for a country where they had both been hospitably received and where a brilliant future opened before them,she taught her daughter then by her own affection for it that love for a country where they had both been hospitably received and where a brilliant future opened for them,0.03225806451612903,0.017341040462427744,0.0
mix_librispeech_09823,5,0.5,you have come andella andella was the name of jane is doll to make rosalie a visit,you have come and delah and delah was the name of jean stahl to make rosalie a visit,0.4117647058823529,0.18292682926829268,0.0
mix_librispeech_02489,5,0.3,ocean reigned supreme,ocean rain supreme,0.3333333333333333,0.19047619047619047,0.0
mix_librispeech_11922,0,1.0,there are few changes in the old quarter,there are a few changes in the old quarter,0.125,0.05,0.0
mix_librispeech_06905,5,0.5,at last all was quiet and black in the courtyard of gamewell,at last all was quiet and black in the court murder of game well,0.3333333333333333,0.1,0.0
mix_librispeech_07390,0,1.0,my yacht is at your service sir even should you require to make a tour round the world,we had a lot of issues with server style we had more to make it to the server style,0.9444444444444444,0.6395348837209303,0.2727272727272727
mix_librispeech_11443,5,0.2,i did not preach without direction,i did not preach without direction,0.0,0.0,0.0
mix_librispeech_02849,0,0.3,i am not depreciating it when i say that in these times it is not rare,i am not depreciating when i say that in little times it is not rare,0.125,0.11428571428571428,0.07692307692307693
mix_librispeech_06665,0,0.3,a quarter of an hour afterwards he returned to the theater but it will be readily believed that it was only a powerful effort of reason over his great excitement that enabled him to go back or perhaps for love is thus strangely constituted he found it impossible even to remain much longer separated from the presence of one who had broken his heart,a quarter of an hour afterwards he returned to the theater but it will be not readily believed that it was only a powerful effort of reason over his great excitement that enabled him to come back or perhaps for love is the strangely constituted he found that impossible even to remain much longer separated from the presence of one who had broken his heart,0.0625,0.034383954154727794,0.0
mix_librispeech_05881,5,0.4,i heard a noise behind i turned and saw kaffar his black eyes shining while in his hand he held a gleaming knife he lifted it above his head as if to strike but i had the strength of 10 men and i hurled him from me,i heard a noise behind i turned and saw a caffer his black eyes shining one on his hand he held a gleaming knife he lifted it above his head as if too strike but i had the strength of 10 men and i hurled him from me,0.10638297872340426,0.04672897196261682,0.0
mix_librispeech_10262,0,0.2,delivered in a strong tone of assent announced the gratification the savage would receive in witnessing such an exhibition of weakness in an enemy so long hated and so much feared,delivered in a strong tone of a scent i announced the gratification the savage would receive and witnessing such an exhibition of weakness and an enemy so long laden and so much feared,0.1935483870967742,0.061452513966480445,0.0
mix_librispeech_04452,5,0.2,his housekeeper had the management of everything she never allowed him to be in need of anything and she gave no account of his money which she kept altogether because he never asked her to render any accounts,his housekeeper had the management of everything she never allowed him to be in need of anything and she gave no account of his money which she kept all together because he never asked her to render any of his parents,0.13157894736842105,0.06220095693779904,0.0
mix_librispeech_09949,0,0.3,but under the circumstances i doubt if such an arrangement could be made,but under the circumstances i doubt a such an arrangement could be mentioned,0.15384615384615385,0.125,0.02702702702702703
mix_librispeech_07421,5,0.4,the old servant told him quietly as they crept back to gamewell that this passage way led from the hut in the pleasance to sherwood and that geoffrey for the time was hiding with the outlaws in the forest,the old servant told him quietly as they crept back to gamewell that this passageway led from the hut and the pleasants to sherwood and that jeffrey for the time was hiding with the outlaws in the forest,0.1282051282051282,0.03431372549019608,0.0
mix_librispeech_09827,5,0.3,and anyhow there is nothing to understand,and any help there is nothing to understand,0.2857142857142857,0.0975609756097561,0.0
mix_librispeech_06484,5,0.2,i know his farm is in better order than any other within 10 miles of us and as for the kitchen he added smiling i do not believe there is one in the kingdom to beat it,i know his farm is in better order than any other within 10 miles of us and as for the kitchen he added smiling i do not believe there is one in the kingdom to beat it,0.0,0.0,0.0
mix_librispeech_02479,5,0.2,he gazed about perplexed astonished,he gazed about who plexed astonished,0.4,0.11428571428571428,0.0
mix_librispeech_06617,5,1.0,the raft was heaved up on a watery mountain and pitched down again at a distance of 20 fathoms,the raft is used up on a watery mountain and pitch down again at a distance of 20 fat,0.21052631578947367,0.1276595744680851,0.0
mix_librispeech_10457,0,0.5,meter roughly one yard 3 inches,meater roughly one yard 3,0.3333333333333333,0.25806451612903225,0.0
mix_librispeech_11151,0,0.3,that time it pointed us into your father is ships,that time it pointed us into your father is tips,0.1,0.04081632653061224,0.0
mix_librispeech_11251,0,0.5,and he deserves a term in state is prison,and he deserves a term in states development,0.3333333333333333,0.2682926829268293,0.0
mix_librispeech_02141,0,0.1,we suffer stifling pains,we suffer stifling pains,0.0,0.0,0.0
mix_librispeech_11310,0,0.1,he knows them both,he knows them both,0.0,0.0,0.0
mix_librispeech_05188,5,0.3,socrates begins the timaeus with a summary of the republic,socrates begins to take place with a summary of the public,0.4,0.22413793103448276,0.043478260869565216
mix_librispeech_12129,0,0.5,the golden fleece it is the silver fleece he harkened,the golden flores it is the silver flores,0.4,0.33962264150943394,0.0
mix_librispeech_11548,0,0.2,and then they became vexed and would have snatched your purse from us,and then they became vexed and would have snatched your purse from us,0.0,0.0,0.0
mix_librispeech_02744,0,0.3,indeed there were only one or 2 strangers who could be admitted among the sisters without producing the same result,indeed there were only one or 2 strings that could be admitted among the sisters without the same results,0.2,0.14782608695652175,0.0
mix_librispeech_07253,0,0.2,to the best of my belief they were rolled up,to the best of my belief they were rolled up,0.0,0.0,0.0
mix_librispeech_03506,5,0.4,he had preconceived ideas about everything and his idea about americans was that they should be engineers or mechanics,he had fun he died he is about everything and his idea about americans was that he could be things and words on mechanics,0.5789473684210527,0.2457627118644068,0.0
mix_librispeech_01679,5,0.4,there jap you have caught it laughed percy while the others screamed at the sight of jasper is face,there jape you have got it laptop versus while the other screamed at the side of jape space,0.47368421052631576,0.23232323232323232,0.0
mix_librispeech_04249,0,1.0,1000s of handkerchiefs were waving above these tightly packed masses hailing the abraham lincoln until it reached the waters of the hudson river at the tip of the long peninsula that forms new york city,1000s of microbeomers will waiving up to be slightly packed masses hailing the abraham lincoln until it reached the waters of the hudson river at the 10th of the great wall for angela and the more new york city,0.42857142857142855,0.2722772277227723,0.2727272727272727
mix_librispeech_03147,0,0.2,once fairly a wing however he wheeled and made back hurriedly for his perch,once fairly awake however he wheeled and made back her through his perch,0.2857142857142857,0.2,0.0
mix_librispeech_08130,5,0.5,very carefully the magician removed this powder placing it all together in a golden dish where he mixed it with a golden spoon,very carefully if you make sure it is removed this powder placing it all together in a golden dish where he mixed it with a golden spoon,0.2608695652173913,0.14285714285714285,0.0
mix_librispeech_10486,5,0.3,hypocrite a horse dealer,epicrit a horse dealer,0.25,0.16666666666666666,0.0
mix_librispeech_07004,0,0.3,they think you are proud because you have been away to school or something,they think you are proud because you have been away to school and there were something,0.21428571428571427,0.17567567567567569,0.08695652173913043
mix_librispeech_00580,5,0.5,the task will not be difficult returned david hesitating though i greatly fear your presence would rather increase than mitigate his unhappy fortunes,the task will not be difficult to return david hesitating though i greatly fear your presence would rather increase than mitigate his unhappy fortune,0.13043478260869565,0.040268456375838924,0.0
mix_librispeech_09662,0,0.5,thus in chaucer is dream,that is that toss is dream,0.8,0.4166666666666667,0.0
mix_librispeech_04070,0,0.3,i say i have been wondering about this business,i say i have been wondering about this business,0.0,0.0,0.0
mix_librispeech_03343,0,0.4,i will try if i know all the things i used to know,i will try if i know all the things i used to know,0.0,0.0,0.0
mix_librispeech_07404,5,0.5,the mother in managing the case in this way relies partly on convincing the reason of the child and partly on an appeal to her affection,the mother in manning them the case in this way relies partly on a convincing to the reason of the child and partly on their field to her affection,0.23076923076923078,0.16176470588235295,0.0
mix_librispeech_03672,5,1.0,it was the 1st great sorrow of his life it was not so much the loss of the cotton itself but the fantasy the hopes the dreams built around it,it was the 1st great seller of his life it was not so much the lives of a cotton itself but the fantasy the hoax the dreams built around it,0.13333333333333333,0.09929078014184398,0.0
mix_librispeech_00559,5,0.1,one could hardly hope for any upon so dry a day,one could hardly hope for any upon so dry a day,0.0,0.0,0.0
mix_librispeech_05237,0,0.1,why are we to be divided,why are we to be divided,0.0,0.0,0.0
mix_librispeech_07805,0,0.3,we ate at many men is tables uninvited,we ate at many men is tables uninvited,0.0,0.0,0.0
mix_librispeech_11041,5,0.3,fine glorious,find forest,1.0,0.5384615384615384,0.0
mix_librispeech_00512,0,0.5,bravely and generously has he battled in my behalf and this and more will i dare in his service,bravely and generously has enabled in my behalf and this and more will i dare to his service,0.15789473684210525,0.07368421052631578,0.1111111111111111
mix_librispeech_01081,0,0.4,but do not these very wise things sometimes turn out very foolishly,but do not these very no name stains sometimes turn out very foolishly,0.25,0.13432835820895522,0.08333333333333333
mix_librispeech_01664,5,0.1,historians at least perhaps from their own ignorance and inexperience have not remarked any thing but a headlong impetuous conduct each party hurrying to a battle where valor and fortune chiefly determined the success,historians at least perhaps from their own ignorance and experience have not remarked anything but a headlong impetus conduct each party hurried into a battle where valor and fortune chiefly determined the success,0.17647058823529413,0.04608294930875576,0.0
mix_librispeech_09204,0,0.1,like the doves voice like transient day like music in the air ah,like the doves boys like transient day like music in the air,0.15384615384615385,0.109375,0.0
mix_librispeech_01931,5,0.5,her manner was neither independent nor assertive but rather one of well bred composure and calm reliance,her manner was neither independent nor assertive but rather one of well dread composure or calm reliance,0.11764705882352941,0.04807692307692308,0.043478260869565216
mix_librispeech_12084,5,0.5,just smell the wild roses they are always so spicy after a rain,just smell the wild roses they are always so spicy after a rain,0.0,0.0,0.0
mix_librispeech_01150,0,0.5,0 i am speaking seriously replied montalais and my opinion in this case is quite as good as the king is i suppose is it not louise,0 i am speaking seriously replied mentally in my opinion in this case it is quite as good as the king is i suppose,0.25925925925925924,0.2,0.0
mix_librispeech_02838,5,0.2,why an ear a whirlpool fierce to draw creations in,why in ear a whirlpool fears to draw creations in,0.2,0.1,0.0
mix_librispeech_05949,0,0.3,rest and be still until i warn you,rest and be still until i warn you,0.0,0.0,0.0
mix_librispeech_08308,5,0.2,i and my wife and son and the 2 craswellers and 3 or 4 others agreed to dine on board the ship on the next,i and my wife and son put in the 2 crest wellers and 3 or 4 others agreed to die on board the ship next,0.28,0.16037735849056603,0.0
mix_librispeech_08932,5,0.4,were i but already on the cart,alright but all ready on the card,0.7142857142857143,0.3,0.0
mix_librispeech_12233,5,0.4,he is a welcome figure at the garden parties of the elect who are always ready to encourage him by accepting free seats for his play actor managers nod to him editors allow him to contribute without charge to a symposium on the price of golf balls,he is a welcome figure at the garden parties of the elect we are always ready to entourage him by accepting free seats for his play,0.48936170212765956,0.4777327935222672,0.09090909090909091
mix_librispeech_05177,0,0.4,the vanderpools were sure of this and the englishman instancing india became quite eloquent missus gray was mystified but hardly dared admit it the general trend of the conversation seemed to be that most individuals needed to be submitted to the sharpest scrutiny before being allowed much education and as for the lower races it was simply criminal to open such useless opportunities to them,the vandepools were sure of this and the englishman instancing india became quite eloquent i did not stop the thing when the englishman was fully shenardly dated the general trend of the conversation seemed to be that most individuals needed to be submitted to the sharpest students not to be thinking what they were in a large amount of uk ish data and that was for the lower races it was simply criminal to open such useless opportunities to them,0.49230769230769234,0.3053435114503817,0.4
mix_librispeech_11867,5,0.4,a reconciliation between the 2 conflicting requirements is effected by a resort to make believe many and intricate polite observances and social duties of a ceremonial nature are developed many organizations are founded with some specious object of amelioration embodied in their official style and title there is much coming and going and a deal of talk to the end that the talkers may not have occasion to reflect on what is the effectual economic value of their traffic,our reconciliation between the 2 conflicting requirements is affected by a resort to make many important polite absurdances and so called duties of a ceremonial nature are developed many organizations have founded with some species object of emelioration embodied in their official style of height there is much coming and going and a deep of torque to the end that the talk is may not have a occasion to reflect on what is the effectual economic value of their traffic,0.22784810126582278,0.11652542372881355,0.07692307692307693
mix_librispeech_00830,5,1.0,to relieve her from both he laid his hand with force upon his heart and said do you believe me,to relieve our friend god he lay his hand before so upon his heart he was out,0.6,0.43617021276595747,0.0
mix_librispeech_08311,0,0.3,a small settlement had been founded by mormon families on shoal creek and here on the 30th of october 1838 a company of 240 fell upon the hapless settlers and butchered a score,a small settlement had been founded by mormon families on a short trip and here on the 13th of october 1838 a company of 200 and 30 fell upon the hapless settlers and butchered a score,0.21212121212121213,0.10227272727272728,0.0
mix_librispeech_04752,5,1.0,the mother as soon as the chaise is so far turned that mary can no longer watch the expression of her countenance goes away from the door with a smile of complacency and satisfaction upon her face at the ingenuity and success of her little artifice,the mother as soon as the change was for a turn that mary can no longer watch the expression of a continent goes away from the door with a smile of complacency and satisfaction on her face at the ambiguity and success of her little artifice,0.1956521739130435,0.10080645161290322,0.0
mix_librispeech_12197,5,0.5,and the gardener is boy chopped the tree into small pieces there was a whole heap lying there,and the gardener is boy chin and the dragon to small pieces traces it there was a whole heap lying there,0.3333333333333333,0.22580645161290322,0.0625
mix_librispeech_12149,5,0.5,i have come to your shores mister president with the purpose of seeing how things are progressing in this distant quarter of the world,i have come to your shores mister president with the purpose of seeing how things are progressing in this distant quarter,0.125,0.09701492537313433,0.0
mix_librispeech_00635,5,0.2,but even the unsuccessful dramatist has his moments,but even the unsuccessful dramatist has his moments,0.0,0.0,0.0
mix_librispeech_04465,5,0.2,the europe they had come from lay out there beyond the irish sea europe of strange tongues and valleyed and woodbegirt and citadelled and of entrenched and marshaled races,the europe they had come from lay out there beyond the irish sea europe of strange tongues and valid and food begered and citadeld and of entrenched and martyled races,0.1724137931034483,0.08187134502923976,0.0
mix_librispeech_06799,5,0.4,yet here are we within a short range of the scaroons and not a sign of a trail have we crossed,yet here we within a short range of the stirrues and not a sign of betrayal have we crossed,0.19047619047619047,0.13829787234042554,0.0
mix_librispeech_07987,0,0.5,chapter 7 on the races of man,chapter 7 on the races of man,0.0,0.0,0.0
mix_librispeech_07079,0,0.4,next came olive is turn to help in the ceremonies,next came all right turn to help in the seraphiris,0.3,0.30612244897959184,0.0
mix_librispeech_06966,0,0.1,on either side of the road for a mile before you reached the foot of the hill stood tall osage orange hedges their glossy green marking off the yellow fields,on either side of the road for a mile before you reach the foot of the hill stood tall 0 sage orange edges for a staglossy green marking off the yellow fields,0.23333333333333334,0.08280254777070063,0.0
mix_librispeech_04142,5,0.3,why one morning there came a quantity of people and set to work in the loft,while one morning there came a quantity of paperlinset to work in the morning,0.3125,0.22666666666666666,0.0
mix_librispeech_07027,5,0.1,experience proves this,experience proves this,0.0,0.0,0.0
mix_librispeech_09183,5,0.5,in a general way though not wholly nor consistently these 2 groups coincide,in a general way though not highly or consistently these 2 groups coincide,0.15384615384615385,0.06666666666666667,0.0
mix_librispeech_00876,0,0.4,these women were flattered by the attention of the young lady and had promised to assist in electing mister forbes,these women were flabbing by the attention of the young lady and had promised to assist in olympic games,0.2,0.20175438596491227,0.0
mix_librispeech_04869,5,0.2,in the meantime i had formed a new idea of her,in the meantime i had formed a new idea of her,0.0,0.0,0.0
mix_librispeech_05315,5,0.4,on saturday mornings when the sodality met in the chapel to recite the little office his place was a cushioned kneeling desk at the right of the altar from which he led his wing of boys through the responses,on saturday mornings when the sodality met in the chapel to recite the little office his place was a cushioned kneeling desk at the right of the altar from what he led his wing a voice through the responses,0.07692307692307693,0.043478260869565216,0.0
mix_librispeech_05222,5,0.4,to keep afloat and to rescue from oblivion to hold above the gulf were it but a fragment of some language which man has spoken and which would otherwise be lost that is to say one of the elements good or bad of which civilization is composed or by which it is complicated to extend the records of social observation is to serve civilization itself,to keep afloat and to rescue from oblivion to hold both the game,0.8307692307692308,0.8155619596541787,0.0
mix_librispeech_00004,5,0.5,lord john taking out gold cigarette case from his left hand upper waistcoat pocket,lurjan taking out gold sick wreck case from his left hand up and waist coast pocket,0.5714285714285714,0.23170731707317074,0.0
mix_librispeech_03051,5,0.5,they unite every quality and sometimes you will find me referring to them as colorists sometimes as chiaroscurists,they unite every quality and sometimes you will find me referring to emma is color races sometimes as kira is curious,0.3888888888888889,0.15789473684210525,0.14285714285714285
mix_librispeech_05691,0,0.2,well well do not trouble to answer listen and see that i do you no injustice,well well do not trouble to answer listen and see that i do you know in justice,0.1875,0.039473684210526314,0.0
mix_librispeech_03124,0,0.2,so many of them however as make up the retainer and hangers on of the patron may be classed as vicarious consumer without qualification,so many of them however as makeup the retainer and hangers on the paperin is easy class as vicarious consumah without publication,0.375,0.16296296296296298,0.0
mix_librispeech_10852,5,1.0,it is the head of a parrot with a little flower in his beak from a picture of carpaccio is one of his series of the life of saint george,is the head of a parent is little flower in his feet from a picture of her potions one of the series of the life of saint george,0.26666666666666666,0.17647058823529413,0.0
mix_librispeech_02491,0,1.0,yes but perhaps i frightened her in what way,yes but perhaps we are looking at the power of life,0.8888888888888888,0.6363636363636364,0.18518518518518517
mix_librispeech_03854,5,0.5,you would not eat with us you cannot say no to half of my ale i drink this to your health,you would not eat with us you cannot say no to half of my ale and drink this to your health,0.047619047619047616,0.033707865168539325,0.0
mix_librispeech_04777,5,0.3,said another voice which i recognized as voltaire is kaffar,set another voice with direct nice as full cheers,0.7,0.4406779661016949,0.03571428571428571
mix_librispeech_09907,0,0.2,some images like some sensations feel very familiar while others feel strange,some images like some sensations feel very familiar while others feel strange,0.0,0.0,0.0
mix_librispeech_07509,5,0.2,they were absorbed in his theology and were under the dominion of his name while that which was truly great and truly characteristic in him his effort to realize and connect abstractions was not understood by them at all,they were absorbed in his theology and were under the dominion of his name while that was a truly great and truly characteristic in him his effort to realize and connect abstractions was not understood by them at that time,0.10256410256410256,0.06363636363636363,0.0
mix_librispeech_06457,5,0.4,he started at the thought he hurried forth sadly,he started at the thought and he hurried forth sadly,0.1111111111111111,0.08333333333333333,0.041666666666666664
mix_librispeech_06293,5,0.3,every one could observe his agitation and prostration a prostration which was indeed the more remarkable since people were not accustomed to see him with his arms hanging listlessly by his side his head bewildered and his eyes with all their bright intelligence bedimmed,everyone could observe his adjudication and frustration a frustration which was indeed the more remarkable since people were not accustomed to see him with his arms hanging listlessly by his side his head bewildered and his eyes with all their bright intelligence be dimmed,0.1590909090909091,0.040740740740740744,0.03333333333333333
mix_librispeech_01148,0,1.0,but he has not as yet defined this intermediate territory which lies somewhere between medicine and mathematics and he would have felt that there was as great an impiety in ranking theories of physics 1st in the order of knowledge as in placing the body before the soul,but he has not yet the final position that the military towards which lies somewhere between medicine and mathematics and he would have met fellow that it was as great as the reality in ranking theories of physics 1st in the power of the military as in the body action for the soul,0.4166666666666667,0.31226765799256506,0.21428571428571427
mix_librispeech_11453,5,0.2,it was strange too that he found an arid pleasure in following up to the end the rigid lines of the doctrines of the church and penetrating into obscure silences only to hear and feel the more deeply his own condemnation,it was strange too that he found an arid pleasure in following up to the end the rigid lines of the doctrines of the church and inattrating into obscure silences only to hear and feel the more deeply his own condemnation,0.024390243902439025,0.01818181818181818,0.0
mix_librispeech_00574,5,0.1,philip lefrank this is my overlooker mister jago said the old man formally presenting us,philip lefranck this is my overlooker mister yago said the old man formally presenting us,0.13333333333333333,0.022727272727272728,0.0
mix_librispeech_03769,5,0.4,ojo had never eaten such a fine meal in all his life,ojo had never even been such a fine meal in all the lives,0.3333333333333333,0.21153846153846154,0.0
mix_librispeech_11928,5,0.5,to this we reply in one word only,to this we reply one word only,0.125,0.09090909090909091,0.0
mix_librispeech_04146,0,0.5,the king who had from this moment become in reality the principal dancer in the quadrille cast a look upon his vanquished rival,the king who had from this moment become in reality the principal dancer in the quadril cast a look on his vanquished rival,0.08695652173913043,0.031496062992125984,0.0
mix_librispeech_00853,0,0.3,it is indeed true that the importance of tact and skill in the training of the young and of cultivating their reason and securing their affection can not be overrated,it is indeed true that the importance of tact and skill in the train of the young and of cultivating their reason and securing their affection can not be overrated,0.03333333333333333,0.018072289156626505,0.0
mix_librispeech_10174,5,0.3,here they said is a rascal who has been harrying our coasts,here they said is a raffle who has been hearing our coach,0.25,0.1694915254237288,0.0
mix_librispeech_10966,0,0.3,she even seemed mildly amused at the attention she attracted,she even seemed mildly amused at the attention she attracted,0.0,0.0,0.0
mix_librispeech_05919,0,0.5,ojo examined this curious contrivance with wonder,ojule exampions,1.0,0.8367346938775511,0.0
mix_librispeech_09358,0,0.5,sir march 16th,the sarah,1.0,0.7142857142857143,0.05555555555555555
mix_librispeech_06614,5,1.0,then now let me explain to you the order of our entertainment 1st timaeus who is a natural philosopher will speak of the origin of the world going down to the creation of man and then i shall receive the men whom he has created and some of whom will have been educated by you and introduce them to you as the lost athenian citizens of whom the egyptian record spoke,then now let me explain to you the order of our entertainment 1st timaeus is a natural for all of her time both the spine of the origin of the world going down to the creation of men and then i shall receive the men whom he has created and some of whom will be executed by you and then the juicer of the exact same as the lost of the insidious of whom the egyptian records spoke,0.3380281690140845,0.20273972602739726,0.2857142857142857
mix_librispeech_06002,0,0.2,he tried to think how it could be,he tried to think but how it could be,0.125,0.12121212121212122,0.037037037037037035
mix_librispeech_09163,5,0.3,but not more than what is in the bible aunt said dinah,but not more than what is in the bible and said dynadchua,0.16666666666666666,0.12962962962962962,0.038461538461538464
mix_librispeech_10893,0,0.2,if christian perfection be necessary to salvation i shall never be saved my heart is a very hotbed for sinful thoughts and when i decide on an action i scarcely remember to look to my redeemer for direction,if christian perfection be necessary to help the women i shall never be saved my heart is a very hot bed for sinful thoughts and when i decide on an action i scare the women to look to my redeemer for a direction,0.23684210526315788,0.11165048543689321,0.0
mix_librispeech_04495,5,0.5,on the table in token that the sentiment of old english hospitality had not been left behind stood a large pewter tankard at the bottom of which had hester or pearl peeped into it they might have seen the frothy remnant of a recent draft of ale,on the table in token that the sentiment of old english hospitality had not been left behind stutter large pewter tankered at the bottom of which had hester or pearl peeped into it they might have seen the frothy remnant of a recent draft of ale,0.06382978723404255,0.028688524590163935,0.0
mix_librispeech_08173,5,0.1,nothing will be more precious to you i think in the practical study of art than the conviction which will force itself on you more and more every hour of the way all things are bound together little and great in spirit and in matter,nothing will be more precious to you i think in the practical study of art than the conviction which will force itself on you more and more every hour of the way all things are bound together little and great and spirit and in matter,0.022222222222222223,0.008620689655172414,0.0
mix_librispeech_06655,0,0.5,up and down the water we went to get much wealth and much frolic,up and down the water we will we will we will we will we will we will we will we will we will we will we will we will we will we will we will we will we will we will we will we will we will we will we will we will we will we will we will we will we will we will we will we will we will we will we will we will we will we will we will we will we will we will we will we will we will we will we will we will we will we will we will we will we will we will we will we will we will we will we will we will we will we will we will we will we will we will we will we will we will we will we will we will we will we will we will we will we will we will we will we will we will we will we will we will we will we will we will we will we will we will we will we will we will we will we will we will we will we will we will we will we will we will we will we will we will we will we will we will we will we will we will we will we will we will we will we will we will we will we will we will we will we will we will we will we will we will we will we will we will we will we will we will we will we will we will we will we will we will we will we will we will we will we will we will we will we will,20.785714285714285,17.953125,0.0
mix_librispeech_12039,5,0.4,you see my friend it is an issue of the monster the notorious narwhale,you see my friend it is an issue of the monster the notorious narwhal,0.07142857142857142,0.014285714285714285,0.0
mix_librispeech_02368,5,0.4,tied to a woman,tied to a woman,0.0,0.0,0.0
mix_librispeech_04780,5,0.4,0 very well said gringo turning away with a shade of contempt you will find if you are going into literature and newspaper work that you can not afford a conscience like that,0 very well said gringo turning away was a faded example you will find if you are going into literature and newspaper work that you can not afford a conscience like that,0.12121212121212122,0.08620689655172414,0.0
mix_librispeech_07992,5,0.2,i often heard her talk of you in the same sort of way,i often heard her talk of you in the same sort of way,0.0,0.0,0.0
mix_librispeech_02950,0,0.1,in this connection it should be mentioned that the association of edison illuminating companies in the same year adopted resolutions unanimously to the effect that the edison meter was accurate and that its use was not expensive for stations above 1000 lights and that the best financial results were invariably secured in a station selling current by meter,in this connection it should be mentioned that the association of edison illuminating companies in the same year after resolutions unanimously to the effect that the edison meter was accurate and that its use was not expensive for stations above 1000 lights and that the best financial results were invariably secured in a station selling current by meter,0.017241379310344827,0.011204481792717087,0.0
mix_librispeech_05625,5,0.3,chapter 7 on the races of man,chapter 7 on the races of man,0.0,0.0,0.0
mix_librispeech_06971,0,0.1,for a moment beth stood staring while the new maid regarded her with composure and a slight smile upon her beautiful face,for a moment beth stood staring while the new maid regarded her with composure and of slight smile upon her beautiful face,0.045454545454545456,0.01652892561983471,0.08333333333333333
mix_librispeech_08716,5,0.4,for a while she lay in her chair in happy dreamy pleasure at sun and bird and tree,for a while she lay in her chair and happy dreaming pleasure at son and bird in tree,0.2222222222222222,0.0975609756097561,0.0
mix_librispeech_10647,0,0.3,however that was over now the tree gone the story at an end,however yeah he was over now he drew a few tricks he got on the story has been boring,1.0,0.6440677966101694,0.3333333333333333
mix_librispeech_01841,5,0.3,hilda was very nice to him and he sat on the edge of his chair flushed with his conversational efforts and moving his chin about nervously over his high collar,hilder was very nice to him and he sat on the edge of his chair flushed with his conversational efforts and moving his chin about nervously over his high collar,0.03333333333333333,0.012578616352201259,0.0
mix_librispeech_05986,5,0.3,at the farther end of the largest hall a table was set with golden cups and golden plates in long rows,at the footer end of the largest hall a table was made with golden cups and golden plate as children long rows,0.23809523809523808,0.14705882352941177,0.08333333333333333
mix_librispeech_00537,5,0.3,i will gladly do that promised the new boolooroo and i will feed the honorable goat all the shavings and leather and tin cans he can eat besides the grass,i will gladly do that i will feed the honorable gold all the shavings and leather and tin cans besides the grass,0.3,0.2857142857142857,0.0
mix_librispeech_02806,5,0.3,it was specially suited for a trial plant also in the early days when a yield of 6 or 8 lamps to the horse power was considered subject for congratulation,it was specially suited for a trial plat also in the early days when a yield of 6 or 8 lamps to the horsepower was considered subject for congratulation,0.1,0.012987012987012988,0.0
mix_librispeech_05801,5,0.5,on arriving at home at my own residence i found that our salon was filled with a brilliant company,on arriving at home at my own vanishes i feel like i am just a brilliant company,0.42105263157894735,0.3673469387755102,0.0
mix_librispeech_05596,5,0.5,the years of the days of her dying were 10,the years of the day of her dying were 10,0.1,0.023809523809523808,0.0
mix_librispeech_07206,0,0.4,what shall we do with the mingoes at the door they count 6 and this singer is as good as nothing,what shall we do with the mingo is at the door make counts yes and the singer is as good as nothing,0.2857142857142857,0.125,0.0
mix_librispeech_07343,5,0.4,i will make no unjust use of what i know he replied with firmness i believe you my lord,i will make no adjustments of what i know i do not want to do any firmness i believe in my lord,0.5263157894736842,0.3563218390804598,0.14285714285714285
mix_librispeech_07560,0,0.1,for like as not they must have thought him a prince when they saw his fine cap,or like is not they must have thought him a prince when they saw his fine cap,0.11764705882352941,0.02564102564102564,0.0
mix_librispeech_08096,5,1.0,a gentle kick from the tall boy in the bench behind urged stephen to ask a difficult question,the gentle kick of the tall boy in the bench behind virgin stephen to ask a difficult question,0.16666666666666666,0.10752688172043011,0.02857142857142857
mix_librispeech_11367,5,0.2,will not you run into the house and see if martha can not spare one or 2 more maids,will not you run into the house and see if martha can not spare one or 2 more mates,0.05263157894736842,0.024096385542168676,0.0
mix_librispeech_00784,0,0.1,and then they became vexed and would have snatched your purse from us,and then they became vexed and would have snatched your purse from us,0.0,0.0,0.0
mix_librispeech_01409,5,0.2,then he looked down the lagoon was dry,then he looked down the lagoon was dry,0.0,0.0,0.0
mix_librispeech_10729,0,0.1,he started at the thought he hurried forth sadly,he started at the thought he hurried forth sadly,0.0,0.0,0.0
mix_librispeech_00154,0,0.2,where was the use of imagining,where was the use of imagining,0.0,0.0,0.0
mix_librispeech_07806,0,0.1,to relieve her from both he laid his hand with force upon his heart and said do you believe me,to relieve her from both he laid his hand with force upon his heart and said do you believe me,0.0,0.0,0.0
mix_librispeech_03009,5,0.2,asked phronsie with her little face close to polly is own,asked frunzy with her little face close to paul is name,0.2727272727272727,0.22807017543859648,0.0
mix_librispeech_01686,5,0.5,but i would not speak at the time because i wanted to refresh my memory,but i was not speak at the time because i wanted to refresh my memory,0.06666666666666667,0.056338028169014086,0.0
mix_librispeech_11093,5,1.0,margaret bolton almost lost for a moment her habitual placidity,mark bitton on those plots for a moment or her picture is indeed,0.9,0.5079365079365079,0.0
mix_librispeech_04014,5,0.4,it is the head of a parrot with a little flower in his beak from a picture of carpaccio is one of his series of the life of saint george,which is the head of a parrot the little flower in his beak from a picture of carpotti one of his series of the life of saint george,0.16666666666666666,0.11029411764705882,0.0
mix_librispeech_07455,0,1.0,i can set to work now to remember things i never remembered before such as what i had to eat for breakfast this morning and it can hardly be wholly habit that enables me to do this,i could say it was not true remember i learned a little more in the past such as what i had to eat for breakfast and it can hardly be worth it that no way had gone to look for it,0.6756756756756757,0.4666666666666667,0.24
mix_librispeech_03863,0,0.3,by being studious of color they are studious of division and while the chiaroscurist devotes himself to the representation of degrees of force in one thing unseparated light the colorists have for their function the attainment of beauty by arrangement of the divisions of light,by being studious of color they are studious of division and while the kira skewrest devotes himself to the representation of degrees of force and one thing unsapparatated light the colorists have for their function the attainment of beauty by a range of origin,0.2,0.1407942238267148,0.01639344262295082
mix_librispeech_02733,5,0.5,you can begin by carrying a rod and putting down the figures,you can begin by carrying a rod and putting down the ears,0.08333333333333333,0.08333333333333333,0.0
mix_librispeech_01895,0,0.2,that is all quite true mister neverbend said sir ferdinando brown,that is all quite true mister never been said sort of fernando brown,0.45454545454545453,0.15384615384615385,0.058823529411764705
mix_librispeech_05442,0,1.0,but her greeting to captain lake was more than usually haughty and frozen and her features i fancied particularly proud and pale,but for creating such happen to lessens it is more than usually hot feelings losing and her feature must also stay hot particularly proud and when i,0.7727272727272727,0.46875,0.10714285714285714
mix_librispeech_00569,5,0.3,again he searched his own thoughts nor ineffectually as before,again he searched his own plot as nor in a factually as before,0.5,0.16129032258064516,0.0
mix_librispeech_06709,0,0.5,i am going to see mister marshall said kenneth and discover what i can do to assist you thank you sir,i am going to see mister marshall said kenneth and discover what i can do to assist you thank you sir,0.0,0.0,0.0
mix_librispeech_05854,5,1.0,yet that task was not so easy as you may suppose,get that out because not so easy as you may suppose,0.2727272727272727,0.20833333333333334,0.0
mix_librispeech_01816,0,1.0,i was hoping that if the paper on which he wrote was thin some trace of it might come through upon this polished surface no i see nothing,i was hoping that if the paper on which he wrote his sins trace it might happen to him on this poster no i see nothing,0.35714285714285715,0.24817518248175183,0.0
mix_librispeech_10257,0,0.2,grace involves the remission of sins peace and a happy conscience,grace involves the remission of sins peace and a happy contraption,0.09090909090909091,0.12307692307692308,0.0
mix_librispeech_08319,5,0.4,it was the 1st great sorrow of his life it was not so much the loss of the cotton itself but the fantasy the hopes the dreams built around it,it was the 1st great sorrow of his life it was not so much the loss of the cotton itself the fantasy the hopes the dreams built around it,0.03333333333333333,0.028368794326241134,0.0
mix_librispeech_03394,0,1.0,so i lived and now am your tooth thrall well it is the luck of war,so i am just and now i am your truth well it is the luck of the over,0.4375,0.3787878787878788,0.0
mix_librispeech_03327,5,1.0,their distinctive characters however display one broad and unfailing difference,30 stinky characters have a display one broad and unfailing different,0.5,0.24050632911392406,0.0
mix_librispeech_12476,0,1.0,there is no logical impossibility in the hypothesis that the world sprang into being 5 minutes ago exactly as it then was with a population that remembered a wholly unreal past,we are doing little cosmopolitan possibilities and the hypnosis lists that the world is bringing to give you 5 minutes ago this document that is then was with the population that remembered the role of the un smilled past,0.8064516129032258,0.5170454545454546,0.0625
mix_librispeech_06102,5,0.2,he panted to know if she too knew or knew and cared not or cared and knew not,he painted to know if she too knew or knew and cared not for you or cared and knew not,0.16666666666666666,0.11688311688311688,0.0
mix_librispeech_02975,0,0.3,brighter than early dawn is most brilliant dye are blown clear bands of color through the sky that swirl and sweep and meet to break and foam like rainbow veils upon a bubble is dome,brider than early dawn is most brilliant dye are born in the serpents of color through the sky that swirl and sweet green in the to break and foam like rainbow veils upon a bubble stone,0.3142857142857143,0.17582417582417584,0.0
mix_librispeech_00980,5,0.1,i can not see it in that light said the old lawyer,i can not see it in that light set the old lawyer,0.08333333333333333,0.06,0.0
mix_librispeech_10492,5,0.5,he was a fanatic on formality and he only addressed me in the 3rd person to the point where it got tiresome,he was a fanatic on formality and he only addressed me in the 3rd person to the point where it got higher,0.045454545454545456,0.06542056074766354,0.0
mix_librispeech_00190,0,0.2,now delia contrived to obtain a great influence and ascendency over the minds of the children by means of these dolls,now delia can try to obtain a great influence and a tendency over the money of the children by means of these dolls,0.23809523809523808,0.09401709401709402,0.0
mix_librispeech_09331,5,0.4,the king seemed only pleased with every one present,the king seemed only pleased with everyone present,0.2222222222222222,0.0196078431372549,0.0
mix_librispeech_05088,5,0.1,come therefore and let us fling mud at them,come there for and let us fling mud at them,0.2222222222222222,0.046511627906976744,0.043478260869565216
mix_librispeech_00699,5,0.3,they are cousins you know we are all cousins,they are cousins you know we are all cousins,0.0,0.0,0.0
mix_librispeech_12198,0,0.1,chapter 3 as master wishes,chapter 3 as master wishes,0.0,0.0,0.0
mix_librispeech_00606,0,0.3,we can all be servants of god wherever our lot is cast but he gives us different sorts of work according as he fits us for it and calls us to it,we can all be so good wherever our lot is passed but he gives us different sorts of work according as he fits us and will read and calls us to it,0.21875,0.1736111111111111,0.05555555555555555
mix_librispeech_00301,0,0.2,a house smells of smoke a ship smells of frolic,a house smells a smoke a ship smells a phrylic,0.3,0.14893617021276595,0.0
mix_librispeech_03420,5,0.5,making their way across the river most of the refugees found shelter among the more hospitable people of clay county and afterward established themselves in caldwell county therein founding the city of far west,making their way across the river most of the refugees found shelter among the more hospitable people of placan but after we are established themselves in caldwell county he was in deep favor returning the city of far west,0.3235294117647059,0.1619047619047619,0.25
mix_librispeech_12253,0,0.3,for many then this book has been a source of fascination surely one of the most influential novels ever written an inspiration for such scientists and discoverers as engineer simon lake oceanographer william beebe polar traveler sir ernest shackleton,for many then this book is for the source i do not have a fascination surely one of the most influential things ever written an inspiration for such scientists and discoveries as engineer simon light oceanographer william b b polar traveler sir,0.38461538461538464,0.22,0.10714285714285714
mix_librispeech_01060,0,0.5,many of these again and also many of the other aristocracy of less degree have in turn attached to their persons a more or less comprehensive group of vicarious consumer in the persons of their wives and children their servants retainers et cetera,many of these again and also many of the rural stochrycy of less than 3 have been attached to their persons a more or less comprehensively in the persons of their wives and children their servants retainers etc,0.3023255813953488,0.22267206477732793,0.0
mix_librispeech_10757,5,0.5,those fellows are all very loyal even mainhall,those fellows are all very loyal even though they are all,0.5,0.32608695652173914,0.0
mix_librispeech_03444,5,0.5,mainhall vouched for her constancy with a loftiness that made alexander smile even while a kind of rapid excitement was tingling through him,made a whole vouch for this consistency with a long nissed made alexander smile the point while a kind of rapid excitement was taking place through him,0.5217391304347826,0.2785714285714286,0.09523809523809523
mix_librispeech_01069,0,0.5,the squares of cotton sharp edged heavy were just about to burst to bolls,the square is a cotton shone and heavy and you are just about to burst to bowls,0.6428571428571429,0.2876712328767123,0.0
mix_librispeech_10716,0,1.0,even so i had just returned from an arduous journey exhausted and badly needing a rest,even so i have just returned from an argument journey exhausted and barely needing rest,0.25,0.12790697674418605,0.0
mix_librispeech_02205,5,0.2,i am convinced of what i say said the count,i am convinced of what i say said the count,0.0,0.0,0.0
mix_librispeech_09435,0,0.5,i want to get away from it all swoons,i want to get away from it all,0.1111111111111111,0.1891891891891892,0.0
mix_librispeech_07339,5,0.3,she then rose humming the air to which she was presently going to dance,she then rose coming to air to which she was presently going to the others,0.2857142857142857,0.19718309859154928,0.0625
mix_librispeech_08208,0,0.5,of this 2nd letter also she spoke and told me that it contained an invitation for her to go and see the poet if ever she visited the lakes,a 2nd letter also she spoke and told her that it contained an invitation for her to go and see the poet if ever she visited the roots,0.13793103448275862,0.09420289855072464,0.09090909090909091
mix_librispeech_07679,0,0.5,holmes held out a small chip with the letters n n and a space of clear wood after them you see,holmes held out a small chip with a little n and basically where they would after them you see,0.38095238095238093,0.2872340425531915,0.0
mix_librispeech_11312,5,0.3,yea his honorable worship is within but he hath a godly minister or 2 with him and likewise a leech,he has honorable worshipers within but he has a godly minister or 2 with him and likewise a leech,0.25,0.0707070707070707,0.0
mix_librispeech_04642,0,0.3,0 i know that is lorne brandon,0 i know that is warren brennan,0.2857142857142857,0.23333333333333334,0.0
mix_librispeech_07683,5,0.1,what then a human hand large and shapely appeared distinctly on the surface of the pond,what then a human hand large and shapely appear distinctly on the surface of the pond,0.0625,0.022988505747126436,0.0
mix_librispeech_09007,0,1.0,bartley bent lower over the fire,there were a few more oceans to fire,1.1666666666666667,0.6875,0.10810810810810811
mix_librispeech_07996,5,0.5,and how odd the directions will look,and how are the directions for look,0.2857142857142857,0.19444444444444445,0.0
mix_librispeech_11259,5,0.2,0 you are the dearest and best mister king i ever saw but how did you make mammy let her come,0 you are the dearest and best mister king i ever saw but how did you make mommy that her come,0.09523809523809523,0.043010752688172046,0.0
mix_librispeech_05600,0,1.0,suddenly for the purpose of restoring peace and order spring accompanied by his whole court made his appearance,suddenly for the purpose of restoring peace in order spring accompanied by his whole court made his appearance,0.05555555555555555,0.018018018018018018,0.0
mix_librispeech_09151,5,0.5,i have not had a chance yet to tell you what a jolly little place i think this is,i have not had a chance to tell you what a jolly little place i think this is,0.05263157894736842,0.04938271604938271,0.0
mix_librispeech_07022,5,0.4,assuredly if the tongue which a nation or a province has spoken is worthy of interest the language which has been spoken by a misery is still more worthy of attention and study,assuredly if the tongue which ination or a province has spoken is worthy of interest the language which has been spoken by a misery is more worth of attention and study,0.12121212121212122,0.05113636363636364,0.0
mix_librispeech_04893,5,0.3,this is the explanation of the shallows which are found in that part of the atlantic ocean,this is the explanation of the shallows which are proud in that part of the atlantic ocean,0.058823529411764705,0.03333333333333333,0.0
mix_librispeech_00225,5,0.1,keep away if you wish when have i ever followed you,keep away if you wish when have i ever followed you,0.0,0.0,0.0
mix_librispeech_03354,5,1.0,he is the one with the worst record,he is the one with the worst record,0.0,0.0,0.0
mix_librispeech_05895,5,0.4,we suffer stifling pains,we suffer stifling pains,0.0,0.0,0.0
mix_librispeech_10677,0,1.0,the street conductors were of the overhead pole line construction and were installed by the construction company that had been organized by edison to build and equip central stations,the doctor is more of the overhead pull off instruction and we are installed by the construction company that had been organized by edison for build any clips or extensions,0.4482758620689655,0.23626373626373626,0.1
mix_librispeech_08754,0,1.0,there may be a specific feeling which could be called the feeling of pastness especially where immediate memory is concerned,there may be a specific filling which could be called the filling of pasteness especially where immediate memory is concerned,0.15,0.04032258064516129,0.0
mix_librispeech_03436,0,0.4,he passes abruptly from persons to ideas and numbers and from ideas and numbers to persons from the heavens to man from astronomy to physiology he confuses or rather does not distinguish subject and object 1st and final causes and is dreaming of geometrical figures lost in a flux of sense,he passes abruptly from persons to emanation and from ideals and an element between the heavens to man from astronomy to physiology he confuses a rather does not distinguish the 2 hours the examination would come in 1st he would find the dilemma between making the judgment of geometrical figures lost in a flux of sense,0.5098039215686274,0.3737024221453287,0.3333333333333333
mix_librispeech_01693,0,0.5,in actual fact there are doubtless various factors that concur in giving us the feeling of greater or less remoteness in some remembered event,in action there are countless various factors that occur in the various filling of greater or less remoteness and sound of the republic of that,0.625,0.352112676056338,0.0
mix_librispeech_06893,5,0.2,it will be well for you if you join not with those who instead of kites fly falcons who instead of obeying the last words of the great cloud shepherd to feed his sheep live the lives how much less than vanity of the war wolf and the gier eagle,it will be well for you if you join not with those who instead of kites fly falcons who instead of obeying the last words of the great cloud shepherd to feed his sheep how much less than vanity of the war wolf and the gear eagle,0.08,0.06995884773662552,0.0
mix_librispeech_01045,5,0.2,this is no sinful pride it is holy pride,this is no sinful pride it is holy pride,0.0,0.0,0.0
mix_librispeech_03446,5,0.5,i now use them as ornamental statuary in my garden,i now use them as a little satuary in my garden,0.3,0.18,0.0
mix_librispeech_08050,5,0.2,i can assure you he has not even allowed me to see the trigger since i have been on board,i can assure you he has not even allowed me to see the trigger since i have been on board,0.0,0.0,0.0
mix_librispeech_09146,5,0.3,nothing can exceed the beauty or art of the introduction in which he is using words after his accustomed manner,nothing can exceed the energy or art of the introduction in which he is using words after all,0.2,0.22522522522522523,0.0
mix_librispeech_12475,0,0.1,a little bit of plaster tumbled down the chimney and startled me confoundedly,a little bit of plaster tumbled down the chimney and startled me confoundedly,0.0,0.0,0.0
mix_librispeech_10927,0,0.3,it is notable that the indian tribes have generally regarded the religion of the latter day saints with favor seeing in the book of mormon striking agreement with their own traditions,it is notable that the indian tribes have generally regarded their religion on the latter days saints with favor seeing in the book of war thinking striking agreement with their own traditions,0.16129032258064516,0.07650273224043716,0.047619047619047616
mix_librispeech_11296,0,0.3,but you know more about that than i do sir,but you know more about that than i do sir,0.0,0.0,0.0
mix_librispeech_04735,5,0.1,bartley bent over and took her in his arms kissing her mouth and her wet tired eyes,bartley bent over and took her in his arms kissing her mouth and her wet tired eyes,0.0,0.0,0.0
mix_librispeech_04496,5,0.5,i am not electioneering just now,i am not election hearing just now,0.3333333333333333,0.09375,0.0
mix_librispeech_01218,5,0.1,the question is which of the 2 methods will most effectively reach the persons whose convictions it is desired to affect,the question is which of the 2 methods will most effectively reach the person is whose convictions it is decided to affect,0.14285714285714285,0.03333333333333333,0.0
mix_librispeech_06015,0,0.5,now this knife was a splendid one though half the blade was gone and the handle was a little cracked and anders knew that one is almost a man as soon as one has a jack knife,now this knife was a splendid one though half the blade was and the handle was a little cracked and anders knew that down it is orange to man as soon as one has a jackknife,0.1891891891891892,0.10982658959537572,0.1111111111111111
mix_librispeech_09719,5,0.1,i am by no means old said the fir tree,i am by no means old said the fir tree,0.0,0.0,0.0
mix_librispeech_03987,0,0.1,i did not even take the precaution of smoking up the chimney,i did not even take the precaution of smoking up the chimney,0.0,0.0,0.0
mix_librispeech_04911,5,1.0,to the best of my belief they were rolled up,please the best of my belief in the world i have,0.6,0.5,0.16666666666666666
mix_librispeech_09492,0,0.5,i am stiff with long sitting he said i itch for a fight i turned to the farmer,i am still doing long sitting i get it for a fight i turned into farmer,0.4444444444444444,0.2692307692307692,0.0
mix_librispeech_04493,5,0.5,now let us dust the furniture and pictures,now let us dust the furniture and pictures,0.0,0.0,0.0
mix_librispeech_06944,5,0.5,i pass away yet i complain and no one hears my voice,i mean that is a way yet i can play i am not i am not,1.0833333333333333,0.6346153846153846,0.0
mix_librispeech_05699,0,0.1,that is very important said holmes,that is very important in homes,0.3333333333333333,0.11764705882352941,0.0
mix_librispeech_08352,5,0.4,a small settlement had been founded by mormon families on shoal creek and here on the 30th of october 1838 a company of 240 fell upon the hapless settlers and butchered a score,a small settlement had been founded by women families on show creek and here on the 30th of october 1838 a company of 240 fell upon the hapless settlers at butcher is court,0.18181818181818182,0.07954545454545454,0.14285714285714285
mix_librispeech_00956,0,1.0,since the period of our tale the active spirit of the country has surrounded it with a belt of rich and thriving settlements though none but the hunter or the savage is ever known even now to penetrate its wild recesses,since the period of aoteo the active spirit of the country has surrounded it with a belt of rich and thriving settlements though none but the hunter or the savage is ever known even now which it penetrates its wild recesses,0.12195121951219512,0.0730593607305936,0.0
mix_librispeech_11983,5,0.1,the woman seemed thoughtful,the woman seemed thoughtful,0.0,0.0,0.0
mix_librispeech_11426,5,0.1,in short he becomes a prominent figure in london society and if he is not careful somebody will say so,and short he becomes a prominent figure in one of the cited and if he is not careful somebody will say so,0.25,0.12745098039215685,0.11764705882352941
mix_librispeech_02869,5,0.4,she gathered up her reins,she gathered up her reins,0.0,0.0,0.0
mix_librispeech_11969,0,0.5,but as we descend the social scale the point is presently reached where the duties of vicarious leisure and consumption devolve upon the wife alone,but as we dissemble the social scale the point is present free reached where the due to surviving arrest leisure and consumption devarble upon the wife alone,0.32,0.20408163265306123,0.0
mix_librispeech_04433,5,0.2,the lilly of the valley breathing in the humble grass answerd the lovely maid and said i am a watry weed and i am very small and love to dwell in lowly vales so weak the gilded butterfly scarce perches on my head yet i am visited from heaven and he that smiles on all walks in the valley and each morn over me spreads his hand saying rejoice thou humble grass thou new born lily flower,the lily of the valley breathing in the humble grass answered the lovely maid and said i am a watery weed and i am very small and loved to dwell in the valley so weak the gilded butterfly scarce purchase on my head yet i am visited from heaven and he is a smile on all walks in the valley and each mourn over me spreads his hand saying rejoice that humble grass,0.22077922077922077,0.12467532467532468,0.1
mix_librispeech_04973,0,1.0,and how odd the directions will look,and now the directions will look,0.2857142857142857,0.1388888888888889,0.0
mix_librispeech_02961,0,0.1,no its not too soon,no it is not too soon,0.4,0.10526315789473684,0.047619047619047616
mix_librispeech_02200,5,1.0,but your power is so superior to any that i can advance as to make us here feel that there is no disgrace in yielding to it,but your power is so superior to any that i can advance as to make us here there is no disgrace in a building,0.18518518518518517,0.17073170731707318,0.029411764705882353
mix_librispeech_00098,5,1.0,the departure was not at all agreeable,the departure was not at all what was in life,0.5714285714285714,0.34210526315789475,0.0
mix_librispeech_12312,0,0.3,i am not electioneering just now,i am not election hearing just now,0.3333333333333333,0.09375,0.0
mix_librispeech_02557,5,1.0,and i have no one ready to whom i can give up the archives of the government,and i have no one ready to whom i can give up the archives of the government,0.0,0.0,0.0
mix_librispeech_11375,5,0.5,the incident was not violent nor even dramatic no posse was summoned no further effort made and reeder fearing personal violence soon fled in disguise,the incident was not violent nor even dramatic no posse was signed no further effort made when leader fear and personal violence soon grabbed in the skies,0.32,0.17333333333333334,0.0
mix_librispeech_08445,0,0.1,i heard father tell cousin abner that he was whipped so often for whistling when he was a boy that he was determined to have what compensation he could get now,i heard father tell cousin abner that he was whipped so often noistling when he was a boy that he was determined to have what compensation he could get now,0.06451612903225806,0.031446540880503145,0.0
mix_librispeech_12115,0,0.1,what in the world is that queried joyce,what in the world is it query choice,0.375,0.23076923076923078,0.0
mix_librispeech_04199,0,0.3,it will be no use their putting their heads down and saying come up again dear,it will be no use they are putting their heads down and saying come up again,0.1875,0.11538461538461539,0.0
mix_librispeech_09637,0,0.3,with one jump anders got out of his chair,with one jump anders can throw his chair,0.3333333333333333,0.1951219512195122,0.0
mix_librispeech_05539,0,0.1,then all our good times are over,then all our good times are over,0.0,0.0,0.0
mix_librispeech_01648,5,0.1,this passage then bears out the fact that all men are sold under sin,this passage then bears out the fact that all men are sold under sin,0.0,0.0,0.0
mix_librispeech_12183,5,0.3,since last thursday i ghip ghisizzle have been the lawful boolooroo of the blue country but now that you are conquered by queen trot i suppose i am conquered too and you have no boolooroo at all,since last thursday i keep this as a i have been the lawful bullaroo of the blue country but now that you are conquered by queen shot i suppose i am conquered too and you have no blue in it all,0.2702702702702703,0.12886597938144329,0.05
mix_librispeech_09888,5,0.4,on the table in token that the sentiment of old english hospitality had not been left behind stood a large pewter tankard at the bottom of which had hester or pearl peeped into it they might have seen the frothy remnant of a recent draft of ale,on the table in token that the sentiment of old english hospitality had not been left behind still a large pewter tankard at the bottom of wenzheny had hester or pearl peeped into it they might have seen the frothy reminisce of a recent draft of ale,0.06382978723404255,0.05737704918032787,0.0
mix_librispeech_11383,0,0.5,silas slunk away without a word of protest ambrose stood his ground evidently bent on making his peace with naomi before he left her seeing that i was in the way i walked aside toward a glass door at the lower end of the room,silas one quail that will work right test ambrose did his group have an evident lip end on making his piece when they owe him a before he left i am saying that i have been the way i walked aside toward a glass here at the lower end of the room,0.5777777777777777,0.3244444444444444,0.14285714285714285
mix_librispeech_06197,0,0.3,it will be clear to you from what i have said that only you could have let this young man out since you were left in the room and must have locked the door when you went out,it would be clear to you from what i have said that only you could have let this young man out since you were left in the room and must have locked the door when you went out,0.02631578947368421,0.017341040462427744,0.0
mix_librispeech_06295,5,0.3,we have our little struggles here as elsewhere and all things cannot be done by rose water,we have our little struggles here at elsewhere and all things can not be done by roadwater,0.29411764705882354,0.05555555555555555,0.0
mix_librispeech_04499,5,1.0,and all the brethren which are with me,and all the way has reached our worth,0.625,0.5263157894736842,0.0
mix_librispeech_01154,5,0.3,alexandra lets you sleep late,out of the way i am going to show you how to make a video,2.8,1.4827586206896552,0.16666666666666666
mix_librispeech_02255,0,1.0,at one end stood a great fireplace in which a blue log was blazing with a blue flame and over the fire hung 4 kettles in a row all bubbling and steaming at a great rate,and one that is not a great fireplace in which a blue log was blazing and over the fire no 4 candles in a row all bubbling and seeing a great great,0.3611111111111111,0.2619047619047619,0.0
mix_librispeech_09874,5,0.1,anyhow it is jolly exciting and i can do the dialog all right,anyhow with a jolly exciting and i can do the dialog alright,0.3076923076923077,0.09836065573770492,0.0
mix_librispeech_03170,0,1.0,i knew nothing of the doctrine of faith because we were taught sophistry instead of certainty and nobody understood spiritual boasting,i knew nothing of the dark from the face because we were taught surface 3 instead of certainly and nobody understood spiritual boasts,0.38095238095238093,0.19402985074626866,0.0
mix_librispeech_07400,0,0.5,in determining whether 2 or more allied forms ought to be ranked as species or varieties naturalists are practically guided by the following considerations namely the amount of difference between them and whether such differences relate to few or many points of structure and whether they are of physiological importance but more especially whether they are constant,in determining whether or not 2 more allied forms i will endeavor in my day i will endeavor in my day i will endeavor in my day i will endeavor in my day i will endeavor in my day i will endeavor in my day i will endeavor in my day i will endeavor in my day i will endeavor in my day i will endeavor in my day i will endeavor in my day i will endeavor in my day i will endeavor in my day i will endeavor in my day i will endeavor in my day i will endeavor in my day i will endeavor in my day i will endeavor in my day i will endeavor in my day i will endeavor in my day i will endeavor in my day i will endeavor in my day i will endeavor in my day i will endeavor in my day i will endeavor in my day i will endeavor in my day i will endeavor in my day i will endeavor in my day i will endeavor in my day i will endeavor in my day i will endeavor in my day i will endeavor in my day i will endeavor in my day i will endeavor in my day i will endeavor in my day i will endeavor in my day i will endeavor in my day i will endeavor in my day i will endeavor in my day i will endeavor in my day i will endeavor in my day i will endeavor in my day i will endeavor in my day i will endeavor in my day i will endeavor in my day i will endeavor in my day i will endeavor in my day i will endeavor in my day i will endeavor in my day i will endeavor in my day i will endeavor in my day i will endeavor in my day i will endeavor in my day i will endeavor in my day i will endeavor in my day i will endeavor in my day i will endeavor in my day i will endeavor in my day i will endeavor in my day i will endeavor in my day i will endeavor in my day i will endeavor in my day,6.578947368421052,3.8633879781420766,0.21052631578947367
mix_librispeech_10248,0,0.2,it truly is asserted the magician,it truly is asserted in addition,0.3333333333333333,0.24242424242424243,0.0
mix_librispeech_07158,5,0.5,why should one halt on the way,why should one hold on the windows,0.2857142857142857,0.26666666666666666,0.0
mix_librispeech_03108,5,0.5,i have not asked him ruth replied with a look that might imply that she was one of those determined little bodies who 1st made up her own mind and then compelled others to make up theirs in accordance with hers,i have not asked tim but she was one of those determined little bodies who 1st made up her own mind and then tell others to make up theirs in accordance with hers,0.2682926829268293,0.24285714285714285,0.0
mix_librispeech_04548,0,0.4,and my pocket money is getting low again and you have not any left as usual,and my pocket money is getting a low again and you have it in a raft as usual,0.3125,0.12,0.1111111111111111
mix_librispeech_11915,0,1.0,at dinner lake was easy and amusing,robert eilton are on board with ways to try to get 14 sard,1.8571428571428572,1.2,0.05263157894736842
mix_librispeech_05423,0,0.1,and one more this morning,and one more this morning,0.0,0.0,0.0
mix_librispeech_02049,0,1.0,i will make no unjust use of what i know he replied with firmness i believe you my lord,i want to make her an angel for a new sister what i know i believe in the,0.8421052631578947,0.632183908045977,0.16666666666666666
mix_librispeech_11835,5,0.1,i was well satisfied with my cabin which was located in the stern and opened into the officers mess,i was well satisfied with my cabin which was located in the stern and opened into the officer is bus,0.15789473684210525,0.050505050505050504,0.0
mix_librispeech_09208,5,0.4,that will be safest no no never,that will be the safest no never,0.2857142857142857,0.22580645161290322,0.0
mix_librispeech_08815,0,1.0,she was alone that night,she read the long movies almost at me,1.4,1.0,0.0
mix_librispeech_12245,5,0.3,alas i have grieved so i am hard to love,i have loved so i am hard to love,0.2,0.225,0.0
mix_librispeech_00262,0,0.1,better go he had counseled sententiously,better go he at councils intentiously,0.5,0.2,0.0
mix_librispeech_11561,0,0.2,above all things i desire to settle the matter quietly and discreetly,above all things i desire to settle the matter quietly and discreetly,0.0,0.0,0.0
mix_librispeech_04061,5,0.1,she gathered up her reins,she gathered up her reins,0.0,0.0,0.0
mix_librispeech_05534,5,0.4,chapter 7 on the races of man,chapter 7 on the races of man,0.0,0.0,0.0
mix_librispeech_06616,0,0.2,but it can not be protested the girl,but it can not be protected to the girl,0.25,0.1111111111111111,0.024390243902439025
mix_librispeech_08120,0,0.1,and then we insist upon it the study of social deformities and infirmities and the task of pointing them out with a view to remedy is not a business in which choice is permitted,and then we insist upon it the study of socials and pharmacies and informities and the task of pointing them out with the view to remedy is not a business that choices permitted,0.2647058823529412,0.12429378531073447,0.0
mix_librispeech_08155,0,0.2,sir kennington oval is a very fine player said my wife,sir kennington oval is a very fine player said my wife,0.0,0.0,0.0
mix_librispeech_01802,0,0.4,we look for that reward which eye hath not seen nor ear heard neither hath entered into the heart of man,we look for that reward which i have not shown nor your hero neither have entered into the heart of man,0.2857142857142857,0.14423076923076922,0.0
mix_librispeech_04736,5,1.0,it is a stock company and rich,it is a stock company in wile,0.2857142857142857,0.16666666666666666,0.0
mix_librispeech_12486,0,0.2,the principle employed in the edison electrolytic meter is that which exemplifies the power of electricity to decompose a chemical substance,the principle employed in the edison electrolytic meteor is that which exemplifies the power of electricity to decompose a chemical substance,0.047619047619047616,0.007142857142857143,0.0
mix_librispeech_02385,5,0.4,it was the scarlet letter in another form the scarlet letter endowed with life,it was the scarlet letter in another form the scarlet letter endowed with life,0.0,0.0,0.0
mix_librispeech_06694,5,0.1,she a tory and clergyman is daughter was always in a minority of one in our house of violent dissent and radicalism,the etorian clergyman is daughter was always an minority of one in our house of violent descent and radicalism,0.3181818181818182,0.09565217391304348,0.3333333333333333
mix_librispeech_05759,5,0.5,good gracious has the king any right to interfere in matters of that kind,great,1.0,0.9315068493150684,0.0
mix_librispeech_01959,0,0.4,he spoke french perfectly i have been told when need was but delighted usually in talking the broadest yorkshire,he spoke french perfectly i have been told when he was but delighted usually in talking the broadest york show,0.15789473684210525,0.0625,0.0
mix_librispeech_02976,0,1.0,horse sense a degree of wisdom that keeps one from betting on the races,tertis says a degree in the growth of the key one we are seeing that great success,1.0,0.6619718309859155,0.14285714285714285
mix_librispeech_08680,0,0.5,will not you tell douglas,want you tell the gas,0.8,0.4,0.0
mix_librispeech_01843,5,0.1,semon is 2 books mentioned in an earlier lecture do not touch knowledge memory at all closely,simmons 2 books mentioned in an earlier lecture do not touch knowledge memory at all closely,0.11764705882352941,0.043010752688172046,0.0
mix_librispeech_01734,0,0.2,he put his shoes on the table,he put his shoes on the table,0.0,0.0,0.0
mix_librispeech_02911,5,1.0,from the graveyard gate one can count a dozen gayly painted farmhouses the gilded weather vanes on the big red barns wink at each other across the green and brown and yellow fields,from the great lord gate one can count but does not galey painted barnboards the guild did weather things on the big red barns wheat at each other across the clean and ground and yellows be the ems,0.5151515151515151,0.26666666666666666,0.058823529411764705
mix_librispeech_11411,0,0.4,pearl accordingly ran to the bow window at the further end of the hall and looked along the vista of a garden walk carpeted with closely shaven grass and bordered with some rude and immature attempt at shrubbery,pearl accordingly ran to the bow window at the farther end of the hall and looked along the distant garden walk carpeted with closely shaving grass and ordered with some food and immature attempt at shrubbery,0.18421052631578946,0.06635071090047394,0.0
mix_librispeech_08338,5,1.0,keep silent as long as may be and it would be wise when you do speak to break out suddenly in one of your shoutings which will serve to remind the indians that you are not altogether as responsible as men should be,keep silent as long as it may be and it would be wise when you would be speaking the breakout set of the one of your shountains which will serve to remind the indians that you were not all together as responsible as men should be,0.3023255813953488,0.1542056074766355,0.0
mix_librispeech_01986,5,0.1,i pass away yet i complain and no one hears my voice,i pass away yet i complain and no one hears my voice,0.0,0.0,0.0
mix_librispeech_09561,5,0.3,i have not had a chance yet to tell you what a jolly little place i think this is,i have not had a chance yet to tell you what a jolly little place i think this is,0.0,0.0,0.0
mix_librispeech_06546,0,0.3,soon the whole bridge was trembling and resounding,soon the whole bridge was trembling at resounding,0.125,0.04,0.07142857142857142
mix_librispeech_07098,0,0.4,well now ennis i declare you have a head and so has my stick,well now ennis i declare you have a head and so has my stick,0.0,0.0,0.0
mix_librispeech_02811,5,1.0,i am very uneasy about it whatever it is i can not help it,i am very uneasy about it whatever it is i can not help it,0.0,0.0,0.0
mix_librispeech_00659,5,0.4,i am my dear and all strangers are welcome to my home,i am my dear and all strangers are welcome to my home,0.0,0.0,0.0
mix_librispeech_09986,5,1.0,30 men one after another raised their horns and said,30 men one after another raise their horns and so,0.2,0.07692307692307693,0.0
mix_librispeech_02511,5,0.3,the 1st of our vague but indubitable data is that there is knowledge of the past,the 1st of our vague but indubitable data is that there is knowledge like the past,0.0625,0.05,0.0
mix_librispeech_11589,0,0.2,but the more forgetfulness had then prevailed the more powerful was the force of remembrance when she awoke,but the more forgetfulness had then rebound the more powerful was the force of my parents when she awoke,0.16666666666666666,0.14018691588785046,0.0
mix_librispeech_04282,0,0.2,thought the fir tree and believed it all because the man who told the story was so good looking well well,thought for a tree and believed it all the man who told the story was so good looking and again well well,0.23809523809523808,0.22857142857142856,0.06666666666666667
mix_librispeech_09339,0,0.3,bartley bent lower over the fire,bartley bent lord over the fire,0.16666666666666666,0.09375,0.0
mix_librispeech_11464,5,0.3,they they excite me in some way and i i can not bear them you must excuse me,they they excite me in some way and i can not bear them you must excuse me,0.05555555555555555,0.02631578947368421,0.0
mix_librispeech_08800,5,0.5,may you drink heart is ease from it for many years,may you drink heart disease from it for many years,0.18181818181818182,0.04,0.0
mix_librispeech_06287,5,0.4,when she could not make a rabbit or a bird look real on paper she searched in her father is books for pictures of its bones,when she could not make a rabbit or a bird look real on paper she searched in her father is book with pictures of its bones,0.07692307692307693,0.04065040650406504,0.0
mix_librispeech_11774,0,1.0,as to his age and also the name of his master jacob is statement varied somewhat from the advertisement,michael zayson also the name of the star jacob is statement varied somewhat from law to time,0.5263157894736842,0.32038834951456313,0.0
mix_librispeech_01930,5,1.0,he came down to earth lived among men suffered was crucified and then he died standing clearly before us so that our hearts and eyes may fasten upon him,he came down to earth lived among men suffered was crucified and that he died standing clearly before us so that our hearts and eyes may fasten upon him,0.034482758620689655,0.013157894736842105,0.0
mix_librispeech_07125,5,0.3,4 or 5 of the latter only lingered about the door of the prison of uncas wary but close observers of the manner of their captive,4 or 5 of the latter only lingered about the door of the prison of ancus where he but close some servers of the manner of their captive,0.19230769230769232,0.09375,0.0
mix_librispeech_00197,5,0.2,we wish to talk with him answered kenneth talk,we wish to talk with them and start kenneth,0.4444444444444444,0.2826086956521739,0.0
mix_librispeech_07777,0,0.2,now that is impossible radie for i really do not think i once thought of him all this evening except just while we were talking,now that is impossible radie for i really do not see that one thought of him all this evening except just while we were talking,0.12,0.07086614173228346,0.0
mix_librispeech_02931,5,0.3,you know i have just been telling you how this school of materialism and clay involved itself at last in cloud and fire,you know i have just been telling you how the school of materialism and clay involved itself to it at last and cloud and fire,0.17391304347826086,0.08403361344537816,0.1
mix_librispeech_08004,0,1.0,we have always thought that it was sometimes a courageous act and at least a simple and useful deed worthy of the sympathetic attention which duty accepted and fulfilled merits,we have always thought that if we are sometimes a courageous and at least a simple and useful deal where the artistic attention which due to accepted and fulfilled merits,0.3333333333333333,0.1590909090909091,0.05
mix_librispeech_02327,5,0.4,the strange woman and her passionate sentence that rang out so sharply had frightened them both,the strange woman and her passionate sense and hanging out so sharply had frightened them both,0.1875,0.10526315789473684,0.0
mix_librispeech_04389,5,0.2,meter roughly one yard 3 inches,meter roughly one yard 3 inches,0.0,0.0,0.0
mix_librispeech_08958,5,0.2,nothing more than you know yourself,nothing more than you know yourself,0.0,0.0,0.0
mix_librispeech_04218,0,0.4,the result is a great mobility of the labor employed in printing perhaps greater than in any other equally well defined and considerable body of workmen,the result is a great mobility of the labor impractor than in any other equally well defined development,0.38461538461538464,0.3684210526315789,0.0
mix_librispeech_11447,5,0.3,he looked up at naomi doubtingly from his plate and looked down again slowly with a frown,you looked up at naomi doubting the going is play and looked down again slowly with a frown,0.35294117647058826,0.16853932584269662,0.16666666666666666
mix_librispeech_00202,5,0.3,footnote sumner to shannon may 12th 1856,footnote sumner to cheryl may 12 1856,0.2857142857142857,0.2,0.0
mix_librispeech_03510,5,1.0,relapses into silence for the rest of the evening,relapse is in the side for the rest of the evening,0.5555555555555556,0.1836734693877551,0.0
mix_librispeech_04931,0,0.3,and if i had a fortune would thee want me to lead a useless life,and if i had a fortune but they want me to lead a useful life,0.2,0.140625,0.0
mix_librispeech_05535,0,0.4,the pity that we must come and go,the pity that you must come back and go,0.25,0.24242424242424243,0.0
mix_librispeech_09925,5,0.2,but how did she manage to render it so fashionable,but how did she manage to render it so fashionable,0.0,0.0,0.0
mix_librispeech_05791,5,1.0,in a few days an officer came with a requisition from governor shannon and took the prisoner by land to westport and afterwards from there to kansas city and leavenworth,in a few days an officer came with a requisition from governor shannon and took the prisoner by land of westport and afterwards from there to kansas city 11,0.1,0.10059171597633136,0.034482758620689655
mix_librispeech_10969,0,0.3,warrenton spoke thus with significance to show robin that he was not to think geoffrey is claims to the estate would be passed by,warren can spoke thus with significance to show robin that he was not to thank jeffrey is claims to be his date,0.375,0.2248062015503876,0.0
mix_librispeech_01707,0,0.1,the others having been in operation too short a time to show definite results although they also went quickly to a dividend basis,the others having been in operation too short at time to show definite results although they also went quickly to a dividend basis,0.043478260869565216,0.007751937984496124,0.0
mix_librispeech_05172,5,0.4,then the church was disincorporated and its property both real and personal confiscated and escheated to the government of the united states and although the personal property was soon restored real estate of great value long lay in the hands of the court is receiver and the mormon church had to pay the national government high rental on its own property,then the church was disincorporated and its property with real and personal confiscated and initiated to the government of the united states and although the personal property was soon restored real estate of great value long lay in the hands of the courts receiver and the mormon church had to pay the national government high rental on its own property,0.06557377049180328,0.025280898876404494,0.0
mix_librispeech_05249,0,0.2,what do you mean inquired louis,what do you mean in quadruis,0.3333333333333333,0.22580645161290322,0.0
mix_librispeech_11666,5,0.5,over the track lined city street the young men the grinning men pass,over the black line signal everything young men the grandroom past,0.6153846153846154,0.36764705882352944,0.0
mix_librispeech_06528,5,1.0,he had for his own town residence a big house filled with the spoils of travel and the trophies of the chase but it was to his country home an old family place in essex that he wished her immediately to proceed,he helped her his own town residents a big house held with the spoils of travel received the key to the trophies of the chase but it was to his country gone an old family place in essex that he wished her immediate way to proceed,0.2619047619047619,0.16666666666666666,0.05555555555555555
mix_librispeech_12473,0,0.2,housecleaning a domestic upheaval that makes it easy for the government to enlist all the soldiers it needs,house cleaning a domestic upheaval makes it easy for the government to enlist all the soul position needs,0.2777777777777778,0.14018691588785046,0.0
mix_librispeech_05855,0,0.5,silence you knave cried montfichet,silence you naiv grat want for shay,1.0,0.47058823529411764,0.0
mix_librispeech_08164,0,0.3,there messrs johnson and hammer put into practice many of the ideas now standard in the art and secured much useful data for the work in new york of which the story has just been told,there messier is johnson and hammer put into practice many of the ideas now standard in the art and secured much useful data for the work in new york of which the story has just been told,0.05555555555555555,0.02185792349726776,0.0
mix_librispeech_00854,5,0.3,look yonder do you not see the moon slowly rising silvering the topmost branches of the chestnuts and the oaks,lucky under do you not see the moon slowly rising silvering the topmost branches of the chestnuts and the yolks,0.15,0.06363636363636363,0.0
mix_librispeech_04737,5,0.3,a gramophone by the help of suitable records might relate to us the incidents of its past and people are not so different from gramophones as they like to believe,a gramophone by the help of suitable records might relate to us the incidents of its past and people are not so different from gramophone as they like to believe,0.03333333333333333,0.006172839506172839,0.0
mix_librispeech_10352,5,0.4,the dependent who was 1st delegated for these duties was the wife or the chief wife and as would be expected in the later development of the institution when the number of persons by whom these duties are customarily performed gradually narrows the wife remains the last,the dependent who was 1st delegated for these duties was the wife or the chief wife and as would be expected in the late development of the institution when the number of persons by whom these teachers are customarily performed are actually narrows the wife remains the last,0.0851063829787234,0.044444444444444446,0.0
mix_librispeech_00698,5,0.3,munny my iron is twite told pease put it down to warm,money the wire and straight toll he is put it down to where,0.75,0.4716981132075472,0.0625
mix_librispeech_11344,0,0.4,the pity that we must come and go,the pity that we must earn an apple,0.375,0.30303030303030304,0.0
mix_librispeech_11191,5,1.0,well if i do not know who she was in love with i know who he was,well if i do not know who she was in that way i know who she was,0.17647058823529413,0.125,0.0
mix_librispeech_03696,0,1.0,someone else told a story not particularly effective which i saw he was not following,someone else will still not be too tired of it which i saw is my key,0.8,0.49411764705882355,0.047619047619047616
mix_librispeech_01636,0,0.1,he knows them both,he knows them both,0.0,0.0,0.0
mix_librispeech_07280,5,0.3,let us hear the suspicions i will look after the proofs,let us see the suspicions i will look after the proofs,0.09090909090909091,0.05454545454545454,0.0
mix_librispeech_07554,0,1.0,he selected a small gold bottle with a pepper box top so that the powder might be sprinkled on any object through the small holes,i do not like to the small grab bottle with a pepper box so that is a shorter life eat sprinkle done any object through the small hole,0.64,0.32558139534883723,0.07692307692307693
mix_librispeech_11649,5,0.3,the seasons allies of spring followed him closely to form a quadrille which after many words of more or less flattering import was the commencement of the dance,the seasons allies of spring followed him closely to form a quadrial which after many words of more or less flattering import was the commencement of the day,0.07142857142857142,0.03125,0.0
mix_librispeech_03581,5,0.1,next came olive is turn to help in the ceremonies,next came olive is turn to help in the ceremonies,0.0,0.0,0.0
mix_librispeech_01291,0,0.1,the problem was solved,the problem was solved,0.0,0.0,0.0
mix_librispeech_06585,0,1.0,it engenders a whole world la pegre for which read theft and a hell la pegrenne for which read hunger,it is in genesis well we are going to do things love pegger it is for this red cell and they hell it is for us to know how to do,1.3,0.8118811881188119,0.75
mix_librispeech_01853,0,0.3,his troubled blue eyes glanced at each of us and finally rested with an expression of blank dismay upon banister in the farther corner,his troubled blue eyes blanched each of us and finally rested with an expression of blank dismay upon banister women is senior corner,0.20833333333333334,0.13432835820895522,0.0
mix_librispeech_05232,5,0.2,or hath he given us any gift,so have he given us any gift,0.2857142857142857,0.14285714285714285,0.0
mix_librispeech_03763,5,0.1,he felt for and found the wizard is black cloth the squire was quite out of breath,he felt for and found the wizard is black cloth the squire was quite out of breath,0.0,0.0,0.0
mix_librispeech_03304,5,0.4,then turning to jane she asked in a somewhat altered tone has she been a good girl jane,then turning to jane she asked in a summer tooled tone has she been a good girl jane,0.1111111111111111,0.11494252873563218,0.0
mix_librispeech_01495,5,0.3,so we harried the coast of norway,so we carried the coast of norway,0.14285714285714285,0.030303030303030304,0.0
mix_librispeech_11935,5,0.4,it was quite true that a vessel was in sight hardly more than 6 miles from the shore but owing to the increase in the earth is convexity and the consequent limitation of the range of vision the rigging of the topmasts alone was visible above the water,it was quite true that a vessel was incite hardly more than 6 miles from the shore but owing to the increase in the earth is convexity and the consequent limitation of the range of vision the rigging of the top masks alone was visible above the water,0.08333333333333333,0.027888446215139442,0.0
mix_librispeech_11637,0,0.4,the retreat will begin on wednesday afternoon in honor of saint francis xavier whose feast day is saturday,the retreat will begin on wednesday afternoon in honor of saint francis xavier who is feast day is saturday,0.1111111111111111,0.02830188679245283,0.0
mix_librispeech_07994,5,0.5,the horizon seems extremely distant,the horizon seems extremely distant,0.0,0.0,0.0
mix_librispeech_01998,5,0.1,and the gardener is boy chopped the tree into small pieces there was a whole heap lying there,and the gardener is boy chopped the tree into small pieces there was a whole heap lying there,0.0,0.0,0.0
mix_librispeech_00663,0,0.1,can these things be returned david breathing more freely as the truth began to dawn upon him,can these things be return david breathing more freely as the truth began to dawn upon him,0.058823529411764705,0.021739130434782608,0.0
mix_librispeech_03748,5,0.5,just then leocadia came to herself and embracing the cross seemed changed into a sea of tears and the gentleman remained in utter bewilderment until his wife had repeated to him from beginning to end leocadia is whole story and he believed it through the blessed dispensation of heaven which had confirmed it by so many convincing testimonies,just then leo kedia came to herself and embracing the cross seemed changed into a sea of tears and the gentleman remaining not in the moment until his wife had repeated to him from beginning to end leo kedia is whole story he believed it through the blessed dispensation of saved which had confirmed it by so many convincing testimonies,0.1724137931034483,0.08771929824561403,0.06666666666666667
mix_librispeech_04413,0,0.1,like as not young master though i am an old man,like is not young master though i am an old man,0.09090909090909091,0.02127659574468085,0.058823529411764705
mix_librispeech_05530,5,0.4,it blazed up famously help help,it blazed on a famous layout and help help help,1.0,0.5806451612903226,0.14285714285714285
mix_librispeech_05575,0,0.4,ruth sat quite still for a time with face intent and flushed it was out now,ruth sat play his for a time honorable work of asymptint and flushed,0.625,0.5866666666666667,0.125
mix_librispeech_08901,0,0.3,it is my heart hung in the sky and no clouds ever float between the grave flowers and my heart on high,it is a heart hung in the sky and no clouds ever float between the gray flowers on high,0.22727272727272727,0.16666666666666666,0.0
mix_librispeech_07526,0,0.2,what is slang properly speaking,what is slang properly speaking,0.0,0.0,0.0
mix_librispeech_09474,5,1.0,the captain shook his head,the content is focused here,0.8,0.5769230769230769,0.0
mix_librispeech_05864,5,1.0,i did not have any fears if i worked it rightly said the old gentleman complacently,i did not have any fears if i worked in my place,0.4375,0.4457831325301205,0.0
mix_librispeech_10867,5,0.3,take your place and let us see what the crystal can show to you,take your place and let us see what the christmas can show to you,0.07142857142857142,0.06349206349206349,0.0
mix_librispeech_06776,5,0.1,and mine is will stuteley shall we be comrades,and mine is will stutley shall we become rats,0.3333333333333333,0.13043478260869565,0.0
mix_librispeech_12221,0,0.4,it is black in misfortune it is blacker still in crime these 2 blacknesses amalgamated compose slang,it is black in misfortune it is black or still in crime these 2 blacknesses are not going to be taken to come whole sling,0.7058823529411765,0.32,0.07692307692307693
mix_librispeech_01306,0,0.5,captain servadac hastened towards him,captain servadag the descend toward you,1.0,0.32432432432432434,0.03333333333333333
mix_librispeech_07392,0,1.0,there stand so i said and glare and hiss at my foes,there dan girl i know,0.8333333333333334,0.6862745098039216,0.0
mix_librispeech_10429,0,0.5,enter lord arthur fluffinose,entered lord arthur fuffinos,0.5,0.14285714285714285,0.0
mix_librispeech_11494,5,0.3,this nobleman is character though celebrated for political courage and conduct was very low for military prowess and after some skirmishes in which he was worsted he here allowed montrose to escape him,this nobleman is character those celebrated for political courage and conduct was very low from military prowess and after some skirmishes in which he was worsted he healed a loud morn trove to escape him,0.21212121212121213,0.06965174129353234,0.0
mix_librispeech_05592,5,1.0,soft heart he said gently to her then to thorkel well let him go thorkel,all parties and gently to her then to twerkle well let him go to twerkle,0.4666666666666667,0.3055555555555556,0.0
mix_librispeech_10230,0,0.1,it is evident therefore that the present trend of the development is in the direction of heightening the utility of conspicuous consumption as compared with leisure,it is evident therefore that the present trend of the development is in the direction of heightening the utility of conspicuous consumption as compared with leisure,0.0,0.0,0.0
mix_librispeech_09721,5,1.0,of course the words this has existed before are a very inadequate translation of what actually happens when we form a judgment of recognition but that is unavoidable words are framed to express a level of thought which is by no means primitive and are quite incapable of expressing such an elementary occurrence as recognition,of course this has existed before our a very inadequate translation of what actually happens when we form a judgment of recognition but that is not a word words are framed by expressing a love i thought which is by no means primitives and our white and police will claim of expressing such a elementary occurrence as a recognition,0.34545454545454546,0.18098159509202455,0.0
mix_librispeech_01663,5,0.3,but cresswell added significantly capacity differs enormously between races,but cresswell added significantly capacity differs in almost lay between races,0.3333333333333333,0.10666666666666667,0.0
mix_librispeech_05450,5,1.0,and fearest thou because i vanish and am seen no more,and fear is down because i finish and then soon they are gone,0.8181818181818182,0.4716981132075472,0.0
mix_librispeech_12413,5,0.5,so no tales got out to the neighbors besides it was a lonely place and by good luck no one came that way,so no tails got out to the nays besides it was a low light place by good luck no one came that way,0.21739130434782608,0.18269230769230768,0.0
mix_librispeech_12438,0,0.2,to diminish the number of the shady to augment the number of the luminous that is the object,to diminish the number of the shady to augment the number of voluminous that is the object,0.1111111111111111,0.043478260869565216,0.0
mix_librispeech_03627,0,1.0,she then rose humming the air to which she was presently going to dance,she then rose something the air to which she would presently go into dance,0.2857142857142857,0.16901408450704225,0.0
mix_librispeech_02693,5,0.2,there was good reason to stop and think even for the world is most emotionless man,there was good reason to stop and think even for the world is most emotionless man,0.0,0.0,0.0
mix_librispeech_11252,5,0.1,the undertaking which seemed so attractive when viewed as a literary task proved a most difficult one and at times became oppressive,the undertaking which seems so attractive when viewed as a literary task proved the most difficult one and it times became oppressive,0.13636363636363635,0.045454545454545456,0.0
mix_librispeech_09789,0,0.2,he is called as you know the apostle of the indies,he has called as you know the apostle of the indians,0.18181818181818182,0.08,0.0
mix_librispeech_10921,5,0.4,we have tortured each other enough for tonight,we have tortured each other enough for tonight,0.0,0.0,0.0
mix_librispeech_10817,5,0.5,i was afraid it was nearer home,i was afraid it was near her home,0.2857142857142857,0.06451612903225806,0.0
mix_librispeech_05915,5,0.1,but the plant ran and it was the 1st 3 wire station in this country,but the plant ran and it was the 1st 3 wire station in this country,0.0,0.0,0.0
mix_librispeech_03157,5,0.2,i know gasped polly controlling her sobs i will not only i can not thank you,i know i asked polly controlling her sobs i will not only i can not thank you,0.125,0.039473684210526314,0.0
mix_librispeech_11506,0,0.2,it is too difficult replied mademoiselle de tonnay charente laughing loudly,it is too difficult to reply to mademazelle dittany shahant laughing ugly,0.6363636363636364,0.29333333333333333,0.0
mix_librispeech_09914,5,1.0,bartley bent over and took her in his arms kissing her mouth and her wet tired eyes,bartley bent over and retook her in his arms and sent her the whole kissing her mouth then her wet tired eyes,0.4117647058823529,0.3493975903614458,0.07692307692307693
mix_librispeech_06668,5,0.1,no doubt in process of time the ladies will follow,no doubt in process of time the ladies will follow,0.0,0.0,0.0
mix_librispeech_01059,0,0.5,those fellows are all very loyal even mainhall,those fellows are all very loyal even they are,0.25,0.15217391304347827,0.0
mix_librispeech_04636,0,1.0,you will allow me to suggest said he that that is a matter of opinion,and she will allow me to put them at the end and clean the church as a matter of her pain,0.9333333333333333,0.6231884057971014,0.09523809523809523
mix_librispeech_03242,5,0.4,i wish i had not cried so much said alice as she swam about trying to find her way out,i wish i had not cried so much that she is so powerless as she swim about trying to find her way out,0.3,0.2441860465116279,0.07692307692307693
mix_librispeech_01678,5,0.3,to bestow peace and grace lies in the province of god who alone can create these blessings the angels cannot,to bestow peace and grace lies in the province of god who alone can create these blessings the angels cannot,0.0,0.0,0.0
mix_librispeech_06892,5,1.0,the wearing of uniforms or liveries implies a considerable degree of dependence and may even be said to be a mark of servitude real or ostensible,the wearing of uniforms and deliveries implies a considerable decrease dependence and may even be said to be a mark of servitude we will arrest and support,0.34615384615384615,0.19310344827586207,0.0
mix_librispeech_06374,5,0.3,uncas occupied a distant corner in a reclining attitude being rigidly bound both hands and feet by strong and painful withes,lankas occupied a distant corner in a reclining attitude being rigidly bound both hands and feet by strong and painful wits,0.09523809523809523,0.04032258064516129,0.0
mix_librispeech_07574,5,0.5,do not worry sizzle dear it will all come right pretty soon,do not worry sizzle to hear it all come right pretty soon,0.25,0.15254237288135594,0.0
mix_librispeech_01757,0,1.0,the sugar manufacturer who says loaf clarified lumps bastard common burnt this honest manufacturer talks slang,this is the main character of the title of the title,1.0,0.7363636363636363,0.0
mix_librispeech_06019,5,0.4,0 let him come along she urged i do love to see him about that old house,0 let him come along she urged i did not love to see him about their own house,0.23529411764705882,0.1388888888888889,0.0
mix_librispeech_05116,5,1.0,who touches me am i in bed,watch your part come on you are bad,1.1428571428571428,0.8461538461538461,0.0
mix_librispeech_08755,0,0.2,he gave way to the others very readily and retreated unperceived by the squire and mistress fitzooth to the rear of the tent,he gave way to the others very readily and retreated and received by the squire and mistress fitz euth to the rear of the chand,0.21739130434782608,0.08870967741935484,0.0
mix_librispeech_07408,0,0.5,then he approached it and standing on tiptoe with his neck craned he looked into the room,then he approached it and standing on tento with his net crane he looked into the room,0.17647058823529413,0.06741573033707865,0.0
mix_librispeech_02790,5,1.0,she tried this morning an air or 2 upon the piano sang a simple song in a sweet but slightly metallic voice and then seating herself by the open window read philip is letter,she tried this morning to arrow to upon the piano saying a simple song in a sweet but slightly metallic voice and then seeding herself by the open window read the lips letter,0.23529411764705882,0.09248554913294797,0.0
mix_librispeech_00863,5,0.3,for a full hour he had paced up and down waiting but he could wait no longer,for a full hour he had paced up and down waiting but he could wait no longer,0.0,0.0,0.0
mix_librispeech_07858,0,0.3,he would be like a philologist refusing to examine a fact in language a philosopher hesitating to scrutinize a fact in humanity,he will be like the phylogist refusing to examine effect in language if philosopher hesitating to scrutinize effect in humanity,0.36363636363636365,0.13385826771653545,0.0
mix_librispeech_01484,0,0.1,i think he was perhaps more appreciative than i was of the discipline of the edison construction department and thought it would be well for us to wait until the morning of the 4th before we started up,i think he was perhaps more appreciative that i was of the discipline of the edison construction department and thought it would be well for us to wait until the morning before we started up,0.10526315789473684,0.05970149253731343,0.0
mix_librispeech_07035,5,0.5,the queens had taken their seats upon a magnificent dias or platform erected upon the borders of the lake in a theater of wonderful elegance of construction,the queens had taken their seats upon a magnificent dais or platform erected upon the borders of the lake it appeared a wonderful elegance of construction,0.18518518518518517,0.0641025641025641,0.0
mix_librispeech_07721,5,0.3,harangue the tiresome product of a tireless tongue,herang the tires are spotting to the tireless tongue,0.75,0.36,0.0
mix_librispeech_05977,5,1.0,that is very important said holmes,that is very important,0.3333333333333333,0.35294117647058826,0.0
mix_librispeech_05134,5,1.0,the bogus legislature numbered 36 members,the bogus legislature numbered 36 chambers,0.16666666666666666,0.07317073170731707,0.0
mix_librispeech_00206,5,0.1,at the edge of this box there lies a great wooden doll which so far as mutilation is concerned bears a strong resemblance to the finest greek sculpture and especially in the total loss of its nose,at the edge of this box their lies a great wooden doll which so far as mutilation is concerned bears the strong resemblance to the finest greek sculpture and especially in the total loss of its nose,0.05405405405405406,0.025510204081632654,0.03125
mix_librispeech_04488,5,0.2,that christ is very god is apparent in that paul ascribes to him divine powers equally with the father as for instance the power to dispense grace and peace,that christ is very god is apparent in that paul describes to him divine powers even if the father as for instance the power to the spends grace in peace,0.20689655172413793,0.12179487179487179,0.0
mix_librispeech_06938,5,0.2,the fact that a man can recite a poem does not show that he remembers any previous occasion on which he has recited or read it,the fact that a man can recite a poem does not show that he remembers any previous occasion on which he has recited or read it,0.0,0.0,0.0
mix_librispeech_09062,5,0.2,the 3 modes of management,the 3 modes of management,0.0,0.0,0.0
mix_librispeech_06910,5,0.1,he would be like a philologist refusing to examine a fact in language a philosopher hesitating to scrutinize a fact in humanity,he would be like a phylogist refusing to examine a fact in language if philosopher hesitating to scrutinize a fact in humanity,0.09090909090909091,0.03937007874015748,0.0
mix_librispeech_00502,5,0.2,as i spoke i made him a gracious bow and i think i showed him by my mode of address that i did not bear any grudge as to my individual self,as i spoke i made him a gracious bow and i think i showed him by my mode of address that i did not bear any grudge as to my individual self,0.0,0.0,0.0
mix_librispeech_07385,0,0.2,that is the way of the world,that is the way of the world,0.0,0.0,0.0
mix_librispeech_01028,5,0.4,stuff it into you his belly counseled him,it is tough at into you his belly helped him,0.625,0.36585365853658536,0.08333333333333333
mix_librispeech_03840,0,0.4,now that too is over,now that 2 is over,0.2,0.15,0.0
mix_librispeech_10882,5,0.5,to morrow is the examination,tomorrow was the examination,0.6,0.10714285714285714,0.0
mix_librispeech_08110,5,0.2,dear me what a chatterbox you are getting to be unc remarked the magician who was pleased with the compliment,do you mean what a chatterbox you are getting to be young wackermock the magician who was pleased with the compliment,0.25,0.1743119266055046,0.0
mix_librispeech_05056,0,0.3,and then he told all about his youth and the little mice had never heard the like before and they listened and said,and then he told all about his youth little mice had never heard the light before and they listened and said,0.13043478260869565,0.09565217391304348,0.0
mix_librispeech_09762,0,0.5,distrusting his own judgment his appeals to the opinion of chingachgook were frequent and earnest,distressions of the old judgment has appealed to the appearance of the old regions in gachkukwar frequent and earnest,0.8,0.4639175257731959,0.0
mix_librispeech_08154,0,0.4,some time you will tell me please will not you,sometimes you tell me please,0.6,0.43478260869565216,0.0
mix_librispeech_10965,0,0.4,before starting it was indispensable that the engine of the dobryna should be repaired to sail under canvas only would in contrary winds and rough seas be both tedious and difficult,before starting it was indispensable to win just the doreena should be repaired to sail under cannabis only would in contrary win the future season or must be both tedious and difficult,0.3870967741935484,0.2265193370165746,0.0
mix_librispeech_02731,0,1.0,when we were out in the darkness of the quadrangle we again looked up at the windows,when we were out in the darkness of the quadrangle we again looked at the windows,0.058823529411764705,0.03571428571428571,0.0
mix_librispeech_08996,5,0.4,yes yes she hurried pulling her hand gently away from him,yes and as she hurried pulling her hinge in the away from him,0.45454545454545453,0.22807017543859648,0.23076923076923078
mix_librispeech_11837,5,0.4,we do not know how plato would have arranged his own dialogs or whether the thought of arranging any of them besides the 2 trilogies which he has expressly connected was ever present to his mind,we do not know yet i would have arranged his own dialogs or whether the thought of arranging any of them besides the 2 characters she has yet graspedly connected was ever present to his mind,0.19444444444444445,0.15463917525773196,0.18181818181818182
mix_librispeech_02454,0,0.4,will the hurons hear his groans,will the hurrens hear his groans,0.16666666666666666,0.06451612903225806,0.0
mix_librispeech_07215,0,0.5,but in their selection of a constitution the britannulists have unfortunately allowed themselves but one deliberative assembly and hence have sprung their present difficulties,but in their selection of a constitution the britain ullists have unfortunately allowed themselves but one deliberate assembly and hence has sprung their present difficulties,0.16666666666666666,0.04,0.0
mix_librispeech_03104,0,0.3,atchison who had been haranguing the mob planted his 2 guns before the building and trained them upon it,at jitson who had been harranging the marlop planted his 2 guns before the building and trained them upon it,0.21052631578947367,0.08653846153846154,0.0
mix_librispeech_08392,5,0.2,a house smells of smoke a ship smells of frolic,a house smells a smoke a ship smells a phrylic,0.3,0.14893617021276595,0.0
mix_librispeech_06278,5,0.3,who was it she was in love with the story will tell i took upon myself to reply 0 i can not wait for the story the story will not tell said douglas not in any literal vulgar way more is the pity then,who was it she was in love with the story will tell i took upon myself to reply 0 i can not wait for the story the story will not tell said douglas not in any literal vulgar way or is the pity then,0.022727272727272728,0.010050251256281407,0.0
mix_librispeech_03099,0,0.3,guided by you how we might stroll towards death our only music one another is breath through gardens intimate with hollyhocks where silent poppies burn between the rocks by pools where birches bend to confidants above green waters scummed with lily plants,guided by you how would my 1st role at wards death our only music one another is breath through gardens ultimately through the holy council we are a silent poppy is burned between the rocks by pools where birches been to confidential screen i want to send some scum with the lily plants,0.6428571428571429,0.2901960784313726,0.06451612903225806
mix_librispeech_06184,0,1.0,not once did he comment on the length or the hardships of a journey,not more to comment and the leg of the hardship of the journey,0.5714285714285714,0.2835820895522388,0.1111111111111111
mix_librispeech_10470,0,0.2,the english it is evident had they not been previously assured of receiving the king would never have parted with so considerable a sum and while they weakened themselves by the same measure have strengthened a people with whom they must afterwards have so material an interest to discuss,the english it is evident had they not been previously assured of receiving the king would never have parted with so considerable as some and while they weakened themselves by the same measure have strengthened the people with whom they must afterwards have so material and interest to discuss,0.08163265306122448,0.024305555555555556,0.0
mix_librispeech_03561,0,0.1,the lieutenant governor lilburn w boggs afterward governor was a pronounced mormon hater and throughout the period of the troubles he manifested sympathy with the persecutors,the lieutenant governor lilbernt w boggs after were governor was a pronounced mormon hate hawk and throughout the period of the troubles he manifests his sympathy with the prosecutors,0.3076923076923077,0.09770114942528736,0.2
mix_librispeech_05892,5,1.0,but the tree did not rejoice at all he grew and grew and was green both winter and summer,but the tree did not rejoice at all he grew and grew and was green both winter and summer,0.0,0.0,0.0
mix_librispeech_00391,5,0.4,i had again been acting under the influence of this man is power,i had again been acting under the influence of this man is power,0.0,0.0,0.0
mix_librispeech_06736,5,0.4,and love be false,and love be false,0.0,0.0,0.0
mix_librispeech_05618,5,0.4,we had meters in which there were 2 bottles of liquid,we had meters in which there were 2 bottles of liquid,0.0,0.0,0.0
mix_librispeech_05258,5,0.1,at noon the violence of the storm redoubles,at noon the violence of the storm reduebles,0.125,0.046511627906976744,0.0
mix_librispeech_09687,5,0.2,it was simple enough sir if you only had known but with all your cleverness it was impossible that you could know,it was simple enough sir if you only had known but with all your cleverness it was impossible that you could know,0.0,0.0,0.0
mix_librispeech_02695,5,0.2,eliza parsons shook her head,eliza parsons shickerhead,0.6,0.17857142857142858,0.0
mix_librispeech_02027,0,0.5,thinking of all this i went to sleep,thinking about all this and went this way,0.5,0.3611111111111111,0.0
mix_librispeech_05463,5,0.1,the former boolooroo groaned,the former bull are reground,0.75,0.35714285714285715,0.0
mix_librispeech_02568,5,1.0,beth uneasy at his silence nudged him,beth the easiest science not stem,0.8571428571428571,0.5405405405405406,0.07692307692307693
mix_librispeech_08006,0,1.0,after this disappointment i never dare reckon with certainty on the enjoyment of a pleasure again it seems as if some fatality stood between you and me,after this appointment i never dare rack in with certainty on the enjoyment of a playboy game,0.5925925925925926,0.4304635761589404,0.0
mix_librispeech_00064,5,0.2,and so on till you get to the end when ophelia might say ah yes or something non committal of that sort,and so on until you get to the end when a julia might say 0 yes or something non committal of that sort,0.18181818181818182,0.08737864077669903,0.0
mix_librispeech_12076,0,0.5,some of the penal regulations were copied from the edicts of diocletian and this method of conversion was applauded by the same bishops who had felt the hand of oppression and pleaded for the rights of humanity,some other primal regulations were copied from the edicts of diocletian and this method of conversion would have bought the same bishops who would feld the hand of oppression and see the theory of humanity,0.2972972972972973,0.19047619047619047,0.125
mix_librispeech_02062,5,0.1,the dialog is primarily concerned with the animal creation including under this term the heavenly bodies and with man only as one among the animals,the dialog is primarily concerned with the animal creation including under this term the heavenly bodies and with man only as one among the animals,0.0,0.0,0.0
mix_librispeech_05276,0,1.0,it will be no disappointment to me,it will be no disappointment between me and the case,0.5714285714285714,0.5588235294117647,0.08823529411764706
mix_librispeech_07208,0,0.3,but in truth pearl was the one as well as the other and only in consequence of that identity had hester contrived so perfectly to represent the scarlet letter in her appearance,but in general the one as well as the other and only in consequence of that identity had has to can drive so perfectly to represent the scarlet letter,0.3125,0.2159090909090909,0.0
mix_librispeech_08684,5,0.4,although the brethren with me are not apostles like myself yet they are all of one mind with me think write and teach as i do,although the brethren with me are not a cautious like myself yet they are all of one mind with me think right at the attention as i do,0.23076923076923078,0.184,0.0
mix_librispeech_08571,0,0.2,alas i have grieved so i am hard to love,i have grieved so i am hard to love,0.1,0.125,0.0
mix_librispeech_06331,0,0.1,that christ is very god is apparent in that paul ascribes to him divine powers equally with the father as for instance the power to dispense grace and peace,that christ is very god is apparent in that paul scrubs to him divine powers equally with the father as for instance the power to the spends grace and peace,0.10344827586206896,0.057692307692307696,0.0
mix_librispeech_04859,0,0.2,i am so very tired of being all alone here,i am so very tired of being all alone here,0.0,0.0,0.0
mix_librispeech_12185,5,0.3,from the norwegian graveyard one looks out over a vast checker board marked off in squares of wheat and corn light and dark dark and light,from the norwegian graveyard one looks at over a vast checkerable marked off in squares of wheat and corn light and dark and light,0.15384615384615385,0.08695652173913043,0.0
mix_librispeech_04887,0,0.1,so i return rebuk would to my content and gain by ill thrice more than i have spent,so i return rebuked to my content and gained by ill the rice more than i have spent,0.2777777777777778,0.10843373493975904,0.0625
mix_librispeech_09268,5,0.5,my men pounded the table with their fists,my men pound at the table with their legs,0.375,0.17073170731707318,0.0
mix_librispeech_00878,5,0.4,that is a very fine cap you have he said,that is a very fine cap you have he said,0.0,0.0,0.0
mix_librispeech_08529,0,0.3,when she perceived the young man she rose like a woman surprised in the midst of ideas she was desirous of concealing from herself,when she perceived the young man she rose like a woman surprised in a mid term idea she was desirous of concealing from her self,0.25,0.06923076923076923,0.0
mix_librispeech_07916,5,1.0,then they started on again and 2 hours later came in sight of the house of doctor pipt,then they started on again and 2 hours later came inside of the house and doctor,0.2222222222222222,0.13953488372093023,0.0
mix_librispeech_06863,0,0.4,then she gave a little laugh and replied no miss beth i am elizabeth parsons,then she gave a law and replied no i am the most of the persons,0.6,0.3815789473684211,0.08333333333333333
mix_librispeech_07892,5,1.0,the king stood up and called for that psalm which begins with these words,king is a good luck who called the last time which we have been with these words,0.8571428571428571,0.5068493150684932,0.2222222222222222
mix_librispeech_06439,5,1.0,in the early morning of the next day may 20 ninth a company of dragoons with one empty saddle came down from the fort and while the pro slavery men still slept the prisoner and his escort were on their way across the prairies to lecompton in the charge of officers of the united states army,in the earlier morning of the next day a company of dragons with one or post saddle came down and the foot and while the pro slavery members did last the prisoner on his escort will arrive across the prairies to the contests in the tarvour of the sutter is aruy nighter states army,0.44642857142857145,0.30689655172413793,0.0
mix_librispeech_07869,0,0.1,besides members of parliament who were excluded many officers unwilling to serve under the new generals threw up their commissions and unwarily facilitated the project of putting the army entirely into the hands of that faction,besides members of parliament who were excluded many officers unwilling to serve under the new generals through up their commissions and then wearily facilitated the project of putting the army entirely into the hands of that faction,0.08333333333333333,0.039647577092511016,0.0
mix_librispeech_01016,5,1.0,true history being a mixture of all things the true historian mingles in everything,true history being a mixture of all things that is always strange and we always end everything,0.5714285714285714,0.3373493975903614,0.0
mix_librispeech_09467,5,1.0,will not you tell douglas,what you tell douglas,0.4,0.24,0.0
mix_librispeech_11990,5,0.1,when the king comes to paris everybody calls out vive le roi,when the king comes to paris everybody calls out viva loroye,0.25,0.08333333333333333,0.0
mix_librispeech_07629,5,0.3,alexander rose and shook himself angrily yes i know i am cowardly,i will explain to rose and shook himself angrily yes i know one cowardly,0.5,0.24615384615384617,0.0
mix_librispeech_11534,5,0.4,why it is goliath as usual they both cried peering in,why it is gli ethens and you roll the both cried during it,0.7272727272727273,0.3584905660377358,0.1
mix_librispeech_00995,0,0.4,she was very fond of the young ladies whom she had known when aunt jane was the mistress here and beth was her especial favorite,she was very fond of the young ladies whom she had known when jane was their mistress here and beth was her special favorite,0.12,0.0625,0.0
mix_librispeech_10173,5,0.1,natty harmon tried the kitchen pump secretly several times during the evening for the water had to run up hill all the way from the well to the kitchen sink and he believed this to be a continual miracle that might give out at any moment,nadi harmon tried the kitchen pump secretly several times during the evening for the water had to run uphill all the way from the well to the kitchen sink and he believed this to be a continual miracle that might give out at any moment,0.06521739130434782,0.016877637130801686,0.0
mix_librispeech_04297,0,0.2,after all we were awfully young,after all we were awfully young,0.0,0.0,0.0
mix_librispeech_00161,5,0.4,olive had painted the motto on a long narrow panel of canvas and giving it to mister popham stood by the fireside while he deftly fitted it into the place prepared for it,all of head were from rada on a long narrow panel of candid and giving her to mister pop om stood by the fire side while he would definitely be prepared for it,0.5454545454545454,0.31176470588235294,0.03225806451612903
mix_librispeech_05675,0,1.0,much later when a friend of his was preparing an edition of all his latin works he remarked to his home circle if i had my way about it they would republish only those of my books which have doctrine my galatians for instance,much later when a friend of his was preparing an edition of all his latin words sunday august 10th if i had my way about it they would republish only those in my books august 6th have doctrine my galatians for instance,0.22727272727272727,0.1688888888888889,0.6666666666666666
mix_librispeech_06873,5,1.0,you are acute,you are compute,0.3333333333333333,0.3076923076923077,0.0
mix_librispeech_09692,5,0.4,i see they lay helpless and naked weeping and none to answer none to cherish thee with mothers smiles,i see they lay helpless and naked weeping and none to answer none to cherish thee with mother is smiles,0.10526315789473684,0.019801980198019802,0.0
mix_librispeech_07989,0,1.0,and with it i leave you a name sif the friendly i shall hope to drink with you sometime in valhalla,and with it i leave your name for little ring i feel like i have heard something un volved all,0.6666666666666666,0.45454545454545453,0.2222222222222222
mix_librispeech_03843,0,0.4,but the bear instead of obeying maintained the seat it had taken and growled,but the bear instead of obeying maintain the seed it had taken and growled,0.14285714285714285,0.05263157894736842,0.0
mix_librispeech_10805,0,0.1,i am afraid there are no signs here said he,i am afraid there are no signs here said he,0.0,0.0,0.0
mix_librispeech_11653,0,0.4,a route slightly less direct that is all,a route slightly less direct than the earth,0.375,0.2,0.02702702702702703
mix_librispeech_01021,0,0.3,milligram roughly 128000 of an ounce,millogram roughly 128000 of an ounce,0.16666666666666666,0.027777777777777776,0.0
mix_librispeech_03073,5,0.5,then all our good times are over,then all our good times are a limb,0.2857142857142857,0.1875,0.0
mix_librispeech_07555,0,0.2,no no no totty ud get her feet wet said missus poyser carrying away her iron,no no no no the liplty had get her feet wet said missus poiser carrying away her car,0.375,0.21052631578947367,0.08333333333333333
mix_librispeech_03943,5,0.5,the hawk embittered by the loss of his 1st quarry had become as dogged in pursuit as a weasel not to be shaken off or evaded or deceived,the hawk invittered by the loss of his 1st quarry had become as dogged and perceived as a wheeze not to be shaken off or evaded or deceived,0.14285714285714285,0.11029411764705882,0.16666666666666666
mix_librispeech_01585,5,0.2,was it not enough to say from god the father,was it not enough to save from god the father,0.1,0.045454545454545456,0.0
mix_librispeech_10147,0,0.4,to fade away like morning beauty from her mortal day down by the river of adona her soft voice is heard and thus her gentle lamentation falls like morning dew,to fade away like morning beauty from her head down by the river of adana her soft voices heard and thus her gentle lamentation falls like morning dew,0.16666666666666666,0.06962025316455696,0.0
mix_librispeech_03152,0,0.2,he tried to think how it could be,he tried to think how it could be,0.0,0.0,0.0
mix_librispeech_08226,0,0.4,robin fitzooth saw that his doubts of warrenton had been unfair and he became ashamed of himself for harboring them,robin fitzugh thought his doubts of warrant and had been unfair and he became ashamed that it is all for harboring him,0.5,0.22608695652173913,0.08
mix_librispeech_12206,5,0.3,nevertheless the mustard seed among the smallest of all seeds has attained the proportions of a tree and the birds of the air are nesting in its branches the acorn is now an oak offering protection and the sweets of satisfaction to every earnest pilgrim journeying its way for truth,nevertheless the mustard seed among the smallest of all seeds has attained the proportions of a tree and the birds of the air are nesting in its branches the acorn is now in oak offering new addition cross ruits of satisfactions to every earnest pilgrim journeying its way for truth,0.12,0.07446808510638298,0.0625
mix_librispeech_00775,0,0.4,thrusting open the proper entrance of the tent robin suddenly rushed forth with his burden with a great shout,thrusting open the proper engines of the tent robin suddenly rushed forwards with his bird with a great shout,0.15789473684210525,0.11926605504587157,0.0
mix_librispeech_10748,0,0.3,i will endeavor in my statement to avoid such terms as would serve to limit the events to any particular place or give a clue as to the people concerned,i will endeavor in my statement to avoid such terms as would serve to limit the events to any particularly nice or give a clue as to the people concerned,0.06666666666666667,0.03289473684210526,0.0
mix_librispeech_09670,0,0.1,there is nothing else that looks so jolly,there is nothing else that looks so jolly,0.0,0.0,0.0
mix_librispeech_07099,5,0.1,to the best of my belief they were rolled up,to the best of my belief they were rolled up,0.0,0.0,0.0
mix_librispeech_05486,0,0.1,mother dear father do you hear me,mother do your father do you hear me,0.2857142857142857,0.15151515151515152,0.0
mix_librispeech_06235,0,1.0,i delight in your kitchen,i do believe in your love,0.6,0.48,0.2
mix_librispeech_09555,5,0.5,i had a horrid dream about him last night that,i have a hard dream about him last night,0.3,0.21739130434782608,0.0
mix_librispeech_07041,5,0.5,she wanted a glance of the new books and periodicals and talk of great philanthropies and reforms,she wanted a glance of the new books and paraticals and talk at great philanthropies and reforms,0.11764705882352941,0.061855670103092786,0.0
mix_librispeech_02612,5,0.1,and then what happens then,and then what happens then,0.0,0.0,0.0
mix_librispeech_07513,5,0.5,but i stayed that spring and built me a boat,but i stayed there spring and built them out,0.4,0.20454545454545456,0.0
mix_librispeech_11016,5,0.1,here they said is a rascal who has been harrying our coasts,here they said is a rascal who has been hearing our coast,0.16666666666666666,0.06779661016949153,0.0
mix_librispeech_10233,0,0.5,the whole proceeding was so childish the miserable plot so transparent the outrage so gross as to bring disgust to the better class of border ruffians who were witnesses and accessories,the whole proceeding was so childish then miserable swamp so transparent the outrage so gross as to bring disgust to the better concept of war in iraq the humans who were witnesses and accessories,0.25806451612903225,0.15135135135135136,0.045454545454545456
mix_librispeech_08433,5,0.3,for many then this book has been a source of fascination surely one of the most influential novels ever written an inspiration for such scientists and discoverers as engineer simon lake oceanographer william beebe polar traveler sir ernest shackleton,for many of you this book has been a source of fascination surely one of the most influential novels ever written and inspiration for such scientists and discoveries as engineers simon lake oceanographer william b b polar traveler sir ernest shackleton,0.1794871794871795,0.052,0.0
mix_librispeech_10253,5,0.1,when the boy walked through the streets blessings were showered upon him by all who saw him blessings upon his beauty upon the mother that bore him upon the father that begot him upon those who brought him up so well,and the boy walked through the streets blessings were shoured upon him by all who saw him blessing upon his beauty upon the mother that bore him upon the father that began upon those who brought him up so well,0.12195121951219512,0.06018518518518518,0.0
mix_librispeech_10555,5,0.5,yes but the meridian of the palais royal is the most exact,yes but the median of the palais royal is the most exact,0.08333333333333333,0.034482758620689655,0.0
mix_librispeech_08792,5,0.3,he does not say exactly what it is said ruth a little dubiously but it is something about land and railroads and thee knows father that fortunes are made nobody knows exactly how in a new country,he does not say exactly what it is said ruth a little dubiously but it is something about land and railroads and pre nose father that fortunes are made nobody knows exactly how in a new country,0.05405405405405406,0.03076923076923077,0.0
mix_librispeech_10627,0,1.0,and yet what a fine gallant lad,and yet what a fine talent led,0.2857142857142857,0.12903225806451613,0.0
mix_librispeech_05393,0,1.0,the king is ears were now open to montrose is counsels who proposed none but the boldest and most daring agreeably to the desperate state of the royal cause in scotland,the weird ones here they were now only one of the trans caused cows never saw her who proposed none but they called her so weird ones they were daring and agreeable to the desperate state of the royal cause on scotland,0.8064516129032258,0.47619047619047616,0.05555555555555555
mix_librispeech_11080,0,0.4,and all the brethren which are with me,and all the brethren which i missed me,0.25,0.21052631578947367,0.0
mix_librispeech_08838,0,0.1,without going to any such extreme as this we can easily see on reflection how vast an influence on the ideas and conceptions as well as on the principles of action in mature years must be exerted by the nature and character of the images which the period of infancy and childhood impresses upon the mind,without going to any such extreme as this we can easily see on reflection how vast and influence on the ideas and conceptions and the leaders of action in mature years must be exerted by the nature and the leader of the images which the period of infancy and childhood impress upon the mind,0.16071428571428573,0.10231023102310231,0.2
mix_librispeech_03890,0,1.0,women can hide their pain better than we men and bear it better too except when shame drops fire into the dreadful chalice,will in canis are aims for them amen and bear it what are 2 done accept when she drops fire to the beautiful,0.782608695652174,0.45081967213114754,0.18181818181818182
mix_librispeech_03556,5,0.1,they were received in the little office by a man named markham who was the jailer,they were received in the little office by a man named markham it was the jailer,0.0625,0.037037037037037035,0.0
mix_librispeech_11394,0,0.4,did master summon me he said entering,she said master something he said enter it,0.8571428571428571,0.43243243243243246,0.05263157894736842
mix_librispeech_01528,0,0.2,to keep afloat and to rescue from oblivion to hold above the gulf were it but a fragment of some language which man has spoken and which would otherwise be lost that is to say one of the elements good or bad of which civilization is composed or by which it is complicated to extend the records of social observation is to serve civilization itself,to keep afloat and to rescue from oblivion to hold above the gulf where it is but in the right hand of some language which man has spoken and which would otherwise be lost or new that is to say one of the elements good or bad of which civilization is composed or by which it is complicated to extend the records of social observation,0.2,0.16138328530259366,0.0
mix_librispeech_01267,5,0.1,one perceives without understanding it a hideous murmur sounding almost like human accents but more nearly resembling a howl than an articulate word,one proceeds without understanding it a hideous murmur sounding almost like human accents but more nearly resembling a howl than an articulate word,0.043478260869565216,0.033783783783783786,0.0
mix_librispeech_07734,5,1.0,the lad had checked him then,go ahead and check down it,1.0,0.6071428571428571,0.0
mix_librispeech_01899,5,0.2,what i mean is that i want you to promise never to see me again no matter how often i come no matter how hard i beg,what i mean is that i want you to promise never to see me again no matter how often i come no matter how hard i beg,0.0,0.0,0.0
mix_librispeech_04658,5,0.4,congratulations were poured in upon the princess everywhere during her journey,congratulations report on upon the process everywhere during her journey,0.36363636363636365,0.11538461538461539,0.0
mix_librispeech_03005,0,0.5,there is no fear of that sir,there is no problem,0.5714285714285714,0.5,0.0
mix_librispeech_02734,0,0.1,hello stephanos here comes the dedalus,hello stefanos here comes the deadless,0.3333333333333333,0.15789473684210525,0.0
mix_librispeech_00189,5,0.5,unc knocked at the door of the house and a chubby pleasant faced woman dressed all in blue opened it and greeted the visitors with a smile,unconoccted the door of the house and the chubby plus the face to woman dressed all in blue opened it and greeted visitors with a smile,0.3333333333333333,0.16666666666666666,0.25
mix_librispeech_09998,5,1.0,mister ottley is indeed,mister 0 reilly is indeed,0.5,0.2608695652173913,0.0
mix_librispeech_09167,5,0.5,she rose with a fleeting glance gathered the shawl round her then gliding forward wavering tremulous slipped across the road and into the swamp,she rolls with a fattened lamb gather the shell around her then gliding forward wave real to the face when my eye out to cross the road and into the swamp,0.7083333333333334,0.3356643356643357,0.0625
mix_librispeech_02747,0,0.3,i will try if i know all the things i used to know,i will try if i know all the things that are not used to anything of them,0.46153846153846156,0.52,0.058823529411764705
mix_librispeech_02047,0,1.0,some poems of solon were recited by the boys,i will ask the doorbell interview for the society of wales,1.1111111111111112,0.9772727272727273,0.0
mix_librispeech_07849,0,1.0,it was in a corner that he lay among weeds and nettles,who is in a corner that he may among we and that holds,0.5,0.2962962962962963,0.045454545454545456
mix_librispeech_02558,0,0.1,that evening trot gave a grand ball in the palace to which the most important of the pinkies and the blueskins were invited,that evening throck gave a grand ball in the palace to which the most important of the pinkies in the blue skins were invited,0.17391304347826086,0.04878048780487805,0.0
mix_librispeech_09274,0,0.4,yes rachel i do love you,yes rachel i do love in it,0.3333333333333333,0.20833333333333334,0.058823529411764705
mix_librispeech_08666,0,0.3,that is comparatively nothing,that is comparatively known,0.25,0.1724137931034483,0.0
mix_librispeech_11096,5,0.1,the atmosphere is evidently charged and surcharged with electricity,the atmosphere has evidently charged and surcharged with electricity,0.1111111111111111,0.029850746268656716,0.0
mix_librispeech_06396,0,0.1,even the supporting cast is shrewdly drawn professor aronnax the career scientist caught in an ethical conflict conseil the compulsive classifier who supplies humorous tag lines for verne is fast facts the harpooner ned land a creature of constant appetites man as heroic animal,even the supporting cast is brutally drawn professor eronax the career scientist caught in an ethical conflict called say the compulsive classifier describes humorous tag lines for verne is fast facts the harpooner ned land a creature of constant appetites man and grossing animal,0.18181818181818182,0.11870503597122302,0.0
mix_librispeech_12309,5,0.5,embrace him and forget about the nature of god,embrace him or forget about the nature of god,0.1111111111111111,0.06521739130434782,0.0
mix_librispeech_03385,0,0.3,the hawk sat upon the branch and watched his quarry swimming beneath the surface,the hawks add upon the break and watch his quarries would not eat the surface,0.5714285714285714,0.3,0.0
mix_librispeech_04555,0,0.2,among the country population its place is to some extent taken by savings and home comforts known through the medium of neighborhood gossip sufficiently to serve the like general purpose of pecuniary repute,among the country population its place is to some extent taken by savings and home points that is known through the medium of neighborhood gossip so that it can be disturbed the like general purpose of pecuniary,0.30303030303030304,0.18446601941747573,0.0
mix_librispeech_01184,0,0.3,a few years back one of their slaves a coachman was kept on the coach box one cold night when they were out at a ball until he became almost frozen to death in fact he did die in the infirmary from the effects of the frost about one week afterwards,a few years back one of their slaves and the coachman was kept on the coach box one cold night when they were out at a ball until he became almost frozen to death in fact he did die in the infirmary from the effects of the frost,0.11764705882352941,0.12903225806451613,0.0
mix_librispeech_06420,0,0.1,you know captain lake,you know captain lake,0.0,0.0,0.0
mix_librispeech_05051,0,0.2,exquisite soft turf of the woods the happiness which your friendship confers upon me,exquisite soft turf of the woods the happiness we have a friendship confirms it on me,0.42857142857142855,0.15476190476190477,0.0
mix_librispeech_05311,5,0.5,i asked for commander farragut,i asked for commander farrigot,0.2,0.06666666666666667,0.0
mix_librispeech_02433,5,0.4,to keep afloat and to rescue from oblivion to hold above the gulf were it but a fragment of some language which man has spoken and which would otherwise be lost that is to say one of the elements good or bad of which civilization is composed or by which it is complicated to extend the records of social observation is to serve civilization itself,to keep afloat and to rescue for your living to hold both the goals where it but in fact so some language which man has spoken and which would otherwise be lost that is to say one of the elements good or bad of which civilized human composed or by which it is counterpoint to extend the records of social observation is to serve civilizing,0.2153846153846154,0.14985590778097982,0.04
mix_librispeech_06949,5,1.0,servadac took it for granted that the dobryna was endeavoring to put in,serve a deck ticket for granted that the sabrina was endeavoring to put in,0.38461538461538464,0.16901408450704225,0.0
mix_librispeech_10583,5,0.4,come forth worm and the silent valley to thy pensive queen,come forth worm and the silent valet to the eye principle,0.36363636363636365,0.25862068965517243,0.0
mix_librispeech_00769,5,0.4,re enter butler and 3 footmen who remove the tea things hostess to guest,reinterbotsler and 3 fold dance who move the t sings postsus to guest,0.6428571428571429,0.2916666666666667,0.0
mix_librispeech_01685,5,1.0,she was young untried nervous it was a vision of serious duties and little company of really great loneliness,she was young untried nervous and with vision of serious duties and little company of really great loneliness,0.15789473684210525,0.06422018348623854,0.0
mix_librispeech_08322,5,0.5,but you must not eat with your cap on your head she said and was going to take it off,but you must not eat with your cat on your head she said and was going today,0.25,0.1411764705882353,0.0
mix_librispeech_11111,5,0.1,i can no more help spending my life in trying to do what i can for the souls of others than you could help running if you heard little totty crying at the other end of the house the voice would go to your heart you would think the dear child was in trouble or in danger and you could not rest without running to help her and comfort her,i can no more help spending my life in trying to do what i can for the souls of others than you could help running if you heard the little tate crying at the other end of the house the voice would go to your heart you would think the dear child was in trouble or in danger and you do not care without running to help her and comfort her,0.05714285714285714,0.044642857142857144,0.0
mix_librispeech_11363,5,0.5,he obtained the desired speed and load with a friction brake also regulator of speed but waited for an indicator to verify it,he obtained the desired speed and load of friction brake also regulated speed but we before an indicator to verify it,0.2608695652173913,0.136,0.0
mix_librispeech_11636,0,0.2,she sat down in a rocking chair and clasping her hands in her lap rocked slowly back and forth i am sorry said beth,she sat down in a rocking chair and clasping her hands in her lap rocks slowly back and forth i am sorry said beth,0.041666666666666664,0.017391304347826087,0.0
mix_librispeech_05578,5,0.4,missus griffin however expressed the need for a little more light,this is griffin however expressed the need for a little more light,0.18181818181818182,0.06153846153846154,0.037037037037037035
mix_librispeech_04426,0,0.4,we have spoken of pearl is rich and luxuriant beauty a beauty that shone with deep and vivid tints a bright complexion eyes possessing intensity both of depth and glow and hair already of a deep glossy brown and which in after years would be nearly akin to black,we have spoken of pearl is rich and luxurious view that is shown with deep and vivid tints right to complexural eyes possessing intensity both of depth and glow and hair already of a deep glossed round and which in after years would be nearly akin to black,0.22448979591836735,0.13740458015267176,0.0
mix_librispeech_00466,5,1.0,but in such a case miss milner is election of a husband shall not direct mine,but in such a case there is no relation of a host except i am not to wrap it in line,0.8125,0.5194805194805194,0.0
mix_librispeech_06265,5,0.1,that is true badauderie,that is true baddalt gray,0.5,0.30434782608695654,0.0
mix_librispeech_05734,0,0.2,to their sorrow they were soon undeceived,to their sorrow they were soon and deceived,0.2857142857142857,0.07317073170731707,0.037037037037037035
mix_librispeech_11284,5,1.0,you speak like an educated person said beth wonderingly where is your home,you speak like an educated person so that is wondering where is your home,0.3076923076923077,0.14864864864864866,0.0
mix_librispeech_11964,0,0.2,so choose for yourself to make a rush or tarry here,so choose for yourself to make a rush of terry here,0.18181818181818182,0.0392156862745098,0.0
mix_librispeech_05191,5,0.2,lend me your ear for 10 minutes and you shall learn just what stagecraft is,leave them your ear for 10 minutes and you shall learn just what stage craft is,0.26666666666666666,0.09333333333333334,0.0
mix_librispeech_05390,0,0.3,and fearest thou because i vanish and am seen no more,and fear is down because i am the finish and i am seeing a little more,0.9090909090909091,0.5283018867924528,0.14285714285714285
mix_librispeech_00860,0,0.2,the book of mormon had taught the people the true origin and destiny of the american indians and toward this dark skinned remnant of a once mighty people the missionaries of mormonism early turned their eyes and with their eyes went their hearts and their hopes,the book of mormon had taught the people the true origin and destiny of the american indians and toward this thurf skin remnant of a once mighty piece of the missionaries of mormonism early turned their eyes and later eyes went their hearts and their hopes,0.13043478260869565,0.07662835249042145,0.0
mix_librispeech_07270,0,0.1,you will never dig it out of the astor library,you will never dig it out of the after library,0.1,0.043478260869565216,0.0
